brand,cashback_today,cashback_historical,diff,offer,details,url,source
"macys","6.0%","6.0%","0.0%","+ 6.0% Cash Back","Friends & Family - 30% off sitewide & 10% off beauty items.","macys.com","https://www.ebates.com/athleisure-deals.htm"
"newbalance","5.0%","5.0%","0.0%","+ 5.0% Cash Back","15% off $125 at NewBalance.com!","newbalance.com","https://www.ebates.com/athleisure-deals.htm"
"michaelkors","3.0%","3.0%","0.0%","+ 3.0% Cash Back","Stay Connected in style with the Michael Kors ACCESS Smartwatch.","michaelkors.com","https://www.ebates.com/athleisure-deals.htm"
"nike","9.5%","9.5%","0.0%","+ 9.5% Cash Back","Save 25% on the Nike Metcon 2 women's training shoe at Nike.com. No code required. Quantities limited.","nike.com","https://www.ebates.com/athleisure-deals.htm"
"lululemon","1.0%","1.0%","0.0%","+ 1.0% Cash Back","Shop Yoga clothes & Running Apparel for Women.","lululemon.com","https://www.ebates.com/athleisure-deals.htm"
"underarmour","3.0%","3.0%","0.0%","+ 3.0% Cash Back","Shop UA Women's Latest & Greatest + Free shipping Over $49.","underarmour.com","https://www.ebates.com/athleisure-deals.htm"
"puma","4.5%","4.5%","0.0%","+ 4.5% Cash Back","Up to 50% off sale.","puma.com","https://www.ebates.com/athleisure-deals.htm"
"athleta","4.0%","4.0%","0.0%","+ 4.0% Cash Back","Free Shipping on orders over $50 + Free returns.","athleta.com","https://www.ebates.com/athleisure-deals.htm"
"finishline","3.0%","3.0%","0.0%","+ 3.0% Cash Back","Our Spring Essentials Are Here: Shop All New Shoes, Clothes, and Accessories.","finishline.com","https://www.ebates.com/athleisure-deals.htm"
"medifastdiet","10.0%","10.0%","0.0%","+ 10.0% Cash Back","Spring Sale - 28% off Medifast Go + choose from over 65 meals for just $10.97/day with renewal.","medifastdiet.com","https://www.ebates.com/deals.htm"
"barneyswarehouse","3.0%","3.0%","0.0%","+ 3.0% Cash Back","New Season Sale - Up to 60% off men's clothing, accessories, shoes and more.","barneyswarehouse.com","https://www.ebates.com/deals.htm"
"weddingpaperdivas","2.0%","2.0%","0.0%","+ 2.0% Cash Back","Up to 25% off your wedding suite + $20 off your next ceremony & reception order.","weddingpaperdivas.com","https://www.ebates.com/deals.htm"
"dellsmallbusiness","10.0%","10.0%","0.0%","+ 10.0% Cash Back","37% off select servers.","dellsmallbusiness.com","https://www.ebates.com/deals.htm"
"clarisonic","4.0%","4.0%","0.0%","+ 4.0% Cash Back","Gift Mom - $40 off new Sonic foundation brush head + free shipping & personalized engraving.","clarisonic.com","https://www.ebates.com/deals.htm"
"puritanspride","5.0%","5.0%","0.0%","+ 5.0% Cash Back","Exclusive - 20% off + free shipping.","puritanspride.com","https://www.ebates.com/deals.htm"
"talbots","2.0%","2.0%","0.0%","+ 2.0% Cash Back","Friends & Family Event - Take 30% off everything.","talbots.com","https://www.ebates.com/deals.htm"
"macys","6.0%","6.0%","0.0%","+ 6.0% Cash Back","Extra 25% off registry gifts.","macys.com","https://www.ebates.com/deals.htm"
"beachbody","5.0%","5.0%","0.0%","+ 5.0% Cash Back","Get the best deal in fitness for only $99 and get all of Beachbody's world-class fitness programs for 1yr.","beachbody.com","https://www.ebates.com/deals.htm"
"gifts","18.0%","18.0%","0.0%","+ 18.0% Cash Back","Find the Perfect Mother's Day Gift - 15% off sitewide.","gifts.com","https://www.ebates.com/deals.htm"
"clarins","5.0%","5.0%","0.0%","+ 5.0% Cash Back","Great for Mom! Choose your free deluxe 6pc. gift with your $100 order, including 2 journals from Rifle Paper Co.","clarins.com","https://www.ebates.com/deals.htm"
"rosettastone","6.0%","6.0%","0.0%","+ 6.0% Cash Back","Give Mom the Gift of Another Language - $179 complete set.","rosettastone.com","https://www.ebates.com/deals.htm"
"ebay","5.0%","5.0%","0.0%","+ Up to 5.0% Cash Back","20% off Select Purchases of $25+","ebay","https://www.ebates.com/deals.htm"
"kohls","6.0%","6.0%","0.0%","+ 6.0% Cash Back","Friends & Family Sale: 20% off sitewide.","kohls.com","https://www.ebates.com/deals.htm"
"neimanmarcus","3.0%","3.0%","0.0%","+ 3.0% Cash Back","Friends & Family Sale: 25% off your regular priced items.","neimanmarcus.com","https://www.ebates.com/deals.htm"
"groupon","6.0%","6.0%","0.0%","+ 6.0% Cash Back","$30 for $50 Banana Republic Factory Gift Card","groupon.htm","https://www.ebates.com/deals.htm"
"saksfifthavenue","4.0%","4.0%","0.0%","+ 4.0% Cash Back","Sneak Peek Sale! Up to 40% OFF* incredible selections for women & men.","saksfifthavenue.com","https://www.ebates.com/deals.htm"
"nike","9.5%","9.5%","0.0%","+ 9.5% Cash Back","Up to 20% off just reduced styles.","nike.com","https://www.ebates.com/deals.htm"
"jcpenney","8.0%","8.0%","0.0%","+ 8.0% Cash Back","It's Cinco de Mayo! Extra 30% off no minimum, with any method of payment.","jcpenney.com","https://www.ebates.com/deals.htm"
"walmart","1.0%","1.0%","0.0%","+ 1.0% Cash Back","Shop Rollbacks on Patio and Garden.","walmart.com","https://www.ebates.com/deals.htm"
"ralphlauren","2.5%","2.5%","0.0%","+ 2.5% Cash Back","Spring Sale: Enjoy up to 40% off select styles.","ralphlauren.com","https://www.ebates.com/deals.htm"
"ultabeauty","3.0%","3.0%","0.0%","+ 3.0% Cash Back","$3.50 off any qualifying order of $15+.","ultabeauty.com","https://www.ebates.com/deals.htm"
"ebags","6.0%","6.0%","0.0%","+ 6.0% Cash Back","Up to 25% of Your order and Free shipping Over $49.","ebags.com","https://www.ebates.com/deals.htm"
"anntaylor","2.0%","2.0%","0.0%","+ 2.0% Cash Back","Extra 40% Off Sale Styles. Offer valid 4/18/2017 @ 3AM - 5/7/2017 @ 5PM.","anntaylor.com","https://www.ebates.com/deals.htm"
"finishline","3.0%","3.0%","0.0%","+ 3.0% Cash Back","Up to 50% off select apparel + up to 40% off new markdowns.","finishline.com","https://www.ebates.com/deals.htm"
"barnesandnoble","3.0%","3.0%","0.0%","+ Up to 3.0% Cash Back","NEW Spring Totes Only $12.95 With Any order!","barnesandnoble.com","https://www.ebates.com/deals.htm"
"shindigz","6.0%","6.0%","0.0%","+ 6.0% Cash Back","Save an Extra 30% off Already Reduced Clearance items.","shindigz.com","https://www.ebates.com/deals.htm"
"babiesrus","1.0%","1.0%","0.0%","+ 1.0% Cash Back","50% off Carter's clothing, sleepwear, accessories and shoes.","babiesrus.com","https://www.ebates.com/deals.htm"
"clinique","6.0%","6.0%","0.0%","+ 6.0% Cash Back","Free 7-piece gift with $28 order + more treats.","clinique.com","https://www.ebates.com/deals.htm"
"walgreens","8.0%","8.0%","0.0%","+ Up to 8.0% Cash Back","40% off Everything Photo.","walgreens.com","https://www.ebates.com/deals.htm"
"qvc","1.0%","1.0%","0.0%","+ 1.0% Cash Back","Kitchen & Food Mother's Day Gifts & Special Offers.","qvc.com","https://www.ebates.com/deals.htm"
"jet","3.0%","3.0%","0.0%","+ 3.0% Cash Back","20% off select Grocery Products.","jet.com","https://www.ebates.com/deals.htm"
"hotels","3.0%","3.0%","0.0%","+ Up to 3.0% Cash Back","$40 off $300 hotel reservations.","hotels.com","https://www.ebates.com/deals.htm"
"teavana","6.0%","6.0%","0.0%","+ 6.0% Cash Back","Friends & Family Sale - 30% off sitewide.","teavana.com","https://www.ebates.com/deals.htm"
"vistaprint","4.0%","4.0%","0.0%","+ 4.0% Cash Back","Up to 25% off Signage and Marketing Materials.","vistaprint.com","https://www.ebates.com/deals.htm"
"harryanddavid","3.5%","3.5%","0.0%","+ 3.5% Cash Back","Enjoy Up to 42% off Select Chocolates!","harryanddavid.com","https://www.ebates.com/deals.htm"
"keurig","4.0%","4.0%","0.0%","+ Up to 4.0% Cash Back","20% off accessories.","keurig.com","https://www.ebates.com/deals.htm"
"bloomingdales","3.0%","3.0%","0.0%","+ 3.0% Cash Back","Save 30-40% on a great selection of Men's designer clothing and accessories! PLUS, save an extra 50% on almost all permanently reduced Men's merchandise for a total savings of 60-70%.","bloomingdales.com","https://www.ebates.com/deals.htm"
"kiehls","8.0%","8.0%","0.0%","+ 8.0% Cash Back","Enjoy 4 Free Deluxe Samples, Free shipping and Gift Boxing with Your $65+ order.","kiehls.com","https://www.ebates.com/deals.htm"
"bananarepublic","2.0%","2.0%","0.0%","+ 2.0% Cash Back","30% off any order.","bananarepublic.com","https://www.ebates.com/deals.htm"
"thebodyshop","4.0%","4.0%","0.0%","+ 4.0% Cash Back","Buy 3 Get 3 Free on select Items.","thebodyshop.com","https://www.ebates.com/deals.htm"
"shopbop","2.0%","2.0%","0.0%","+ 2.0% Cash Back","Surprise Sale! Up to 40% off select styles!","shopbop.com","https://www.ebates.com/deals.htm"
"canon","2.5%","2.5%","0.0%","+ Up to 2.5% Cash Back","Save on Mother's Day SL1 Camera Bundles!","canon.com","https://www.ebates.com/deals.htm"
"dellconsumer","2.0%","2.0%","0.0%","+ 2.0% Cash Back","Up to 50% off electronics for your grad.","dellconsumer.com","https://www.ebates.com/deals.htm"
"lanebryant","2.5%","2.5%","0.0%","+ 2.5% Cash Back","$50 off $100.","lanebryant.com","https://www.ebates.com/deals.htm"
"landsend","2.0%","2.0%","0.0%","+ 2.0% Cash Back","40% off swimwear, beach towels, totes & water shoes","landsend.com","https://www.ebates.com/deals.htm"
"lowes","3.0%","3.0%","0.0%","+ 3.0% Cash Back","Hitachi Days: Up to 30% off select In-Stock Hitachi Tools and Fasteners.","lowes.com","https://www.ebates.com/deals.htm"
"newbalance","5.0%","5.0%","0.0%","+ 5.0% Cash Back","$10 off $75+ order.","newbalance.com","https://www.ebates.com/deals.htm"
"carters","5.0%","5.0%","0.0%","+ 5.0% Cash Back","Biggest Baby Sale of the Year: Up to 70% off + free shipping at $50.","carters.com","https://www.ebates.com/deals.htm"
"thechildrensplace","1.5%","1.5%","0.0%","+ 1.5% Cash Back","50% off Matchables and Free shipping.","thechildrensplace.com","https://www.ebates.com/deals.htm"
"saksfifthavenueoff5th","4.0%","4.0%","0.0%","+ 4.0% Cash Back","Online only! Take an extra 20% off.","saksfifthavenueoff5th.com","https://www.ebates.com/deals.htm"
"katespade","3.5%","3.5%","0.0%","+ 3.5% Cash Back","Mother's day gift guide! gifts under $50 including tech accessories, home decor and more at katespade.com!","katespade.com","https://www.ebates.com/deals.htm"
"orbitz","9.0%","9.0%","0.0%","+ Up to 9.0% Cash Back","Get An Extra 15% off select Hotels.","orbitz.com","https://www.ebates.com/deals.htm"
"tommyhilfiger","2.5%","2.5%","0.0%","+ 2.5% Cash Back","Friends and Family 30% off at Tommy.com","tommyhilfiger.com","https://www.ebates.com/deals.htm"
"bobbibrowncosmetics","8.0%","8.0%","0.0%","+ 8.0% Cash Back","40% Off Flash Event! 40% off Select items. Prices are as marked.","bobbibrowncosmetics.com","https://www.ebates.com/deals.htm"
"jcrewfactory","1.5%","1.5%","0.0%","+ 1.5% Cash Back","Up to 60% off plus Women's Tops Under $35, Men's Shirts Under $30 and Kid's Non-Boring Basics Under $25.","jcrewfactory.com","https://www.ebates.com/deals.htm"
"neimanmarcuslastcall","4.0%","4.0%","0.0%","+ 4.0% Cash Back","30% off sitewide.","neimanmarcuslastcall.com","https://www.ebates.com/deals.htm"
"godiva","8.0%","8.0%","0.0%","+ 8.0% Cash Back","Buy More Save More, Spend $50 Get $10 Off, Spend $75 Get $20 Off, Spend $100 Get $30 Off.","godiva.com","https://www.ebates.com/deals.htm"
"sears","1.5%","1.5%","0.0%","+ 1.5% Cash Back","Extra 30% off $50 clothing, accessories, sleepwear & lingerie.","sears.com","https://www.ebates.com/deals.htm"
"lancome","8.0%","8.0%","0.0%","+ 8.0% Cash Back","4 Samples and Free shipping with $49+ order and Bonus Sample with $75+ order.","lancome.com","https://www.ebates.com/deals.htm"
"amorepacific","9.0%","9.0%","0.0%","9.0% Cash Back","Get a great deal from See all AMOREPACIFIC plus  9.0% Cash Back  from Ebates!","amorepacific.com","https://www.ebates.com/luxury/all-stores.htm"
"johnhardy","9.0%","9.0%","0.0%","9.0% Cash Back","Get a great deal from See all John Hardy plus  9.0% Cash Back  from Ebates!","johnhardy.com","https://www.ebates.com/luxury/all-stores.htm"
"bobbibrowncosmetics","8.0%","8.0%","0.0%","8.0% Cash Back","Get a great deal from Bobbi Brown Cosmetics plus  8.0% Cash Back  from Ebates!","bobbibrowncosmetics.com","https://www.ebates.com/luxury/all-stores.htm"
"kiehls","8.0%","8.0%","0.0%","8.0% Cash Back","Get a great deal from See all Kiehl's plus  8.0% Cash Back  from Ebates!","kiehls.com","https://www.ebates.com/luxury/all-stores.htm"
"lancome","8.0%","8.0%","0.0%","8.0% Cash Back","Get a great deal from See all Lancome plus  8.0% Cash Back  from Ebates!","lancome.com","https://www.ebates.com/luxury/all-stores.htm"
"sachinandbabi","8.0%","8.0%","0.0%","8.0% Cash Back","Get a great deal from See all Sachin & Babi plus  8.0% Cash Back  from Ebates!","sachinandbabi.com","https://www.ebates.com/luxury/all-stores.htm"
"petit-bateau","7.0%","7.0%","0.0%","7.0% Cash Back","Get a great deal from See all Petit Bateau plus  7.0% Cash Back  from Ebates!","petit-bateau.com","https://www.ebates.com/luxury/all-stores.htm"
"agjeans","6.0%","6.0%","0.0%","6.0% Cash Back","Get a great deal from See all AG Jeans plus  6.0% Cash Back  from Ebates!","agjeans.com","https://www.ebates.com/luxury/all-stores.htm"
"aliceolivia","6.0%","6.0%","0.0%","6.0% Cash Back","Get a great deal from See all Alice + Olivia plus  6.0% Cash Back  from Ebates!","aliceolivia.com","https://www.ebates.com/luxury/all-stores.htm"
"coach","6.0%","6.0%","0.0%","6.0% Cash Back","Get a great deal from See all Coach plus  6.0% Cash Back  from Ebates!","coach.com","https://www.ebates.com/luxury/all-stores.htm"
"esteelauder","6.0%","6.0%","0.0%","6.0% Cash Back","Get a great deal from See all Estée Lauder plus  6.0% Cash Back  from Ebates!","esteelauder.com","https://www.ebates.com/luxury/all-stores.htm"
"forzieri","6.0%","6.0%","0.0%","6.0% Cash Back","Get a great deal from See all Forzieri plus  6.0% Cash Back  from Ebates!","forzieri.com","https://www.ebates.com/luxury/all-stores.htm"
"nicolemiller","6.0%","6.0%","0.0%","6.0% Cash Back","Get a great deal from See all Nicole Miller plus  6.0% Cash Back  from Ebates!","nicolemiller.com","https://www.ebates.com/luxury/all-stores.htm"
"algenist","5.0%","5.0%","0.0%","5.0% Cash Back","Get a great deal from See all Algenist plus  5.0% Cash Back  from Ebates!","algenist.com","https://www.ebates.com/luxury/all-stores.htm"
"clarins","5.0%","5.0%","0.0%","5.0% Cash Back","Get a great deal from See all Clarins plus  5.0% Cash Back  from Ebates!","clarins.com","https://www.ebates.com/luxury/all-stores.htm"
"lecreuset","5.0%","5.0%","0.0%","5.0% Cash Back","Get a great deal from See all Le Creuset plus  5.0% Cash Back  from Ebates!","lecreuset.com","https://www.ebates.com/luxury/all-stores.htm"
"millyny","5.0%","5.0%","0.0%","5.0% Cash Back","Get a great deal from See all MILLY plus  5.0% Cash Back  from Ebates!","millyny.com","https://www.ebates.com/luxury/all-stores.htm"
"net-a-porter","5.0%","5.0%","0.0%","5.0% Cash Back","Get a great deal from See all NET-A-PORTER plus  5.0% Cash Back  from Ebates!","net-a-porter.com","https://www.ebates.com/luxury/all-stores.htm"
"perriconemd","5.0%","5.0%","0.0%","5.0% Cash Back","Get a great deal from See all Perricone MD plus  5.0% Cash Back  from Ebates!","perriconemd.com","https://www.ebates.com/luxury/all-stores.htm"
"pevonia","5.0%","5.0%","0.0%","5.0% Cash Back","Get a great deal from See all Pevonia plus  5.0% Cash Back  from Ebates!","pevonia.com","https://www.ebates.com/luxury/all-stores.htm"
"rag-bone","5.0%","5.0%","0.0%","5.0% Cash Back","Get a great deal from See all rag & bone plus  5.0% Cash Back  from Ebates!","rag-bone.com","https://www.ebates.com/luxury/all-stores.htm"
"stuartweitzman","5.0%","5.0%","0.0%","5.0% Cash Back","Get a great deal from See all Stuart Weitzman plus  5.0% Cash Back  from Ebates!","stuartweitzman.com","https://www.ebates.com/luxury/all-stores.htm"
"briggs-riley","4.5%","4.5%","0.0%","4.5% Cash Back","Get a great deal from Briggs & Riley Travelware plus  4.5% Cash Back  from Ebates!","briggs-riley.com","https://www.ebates.com/luxury/all-stores.htm"
"elevtd","4.5%","4.5%","0.0%","4.5% Cash Back","Get a great deal from See all ELEVTD plus  4.5% Cash Back  from Ebates!","elevtd.com","https://www.ebates.com/luxury/all-stores.htm"
"joesjeans","4.5%","4.5%","0.0%","4.5% Cash Back","Get a great deal from See all JOE'S Jeans plus  4.5% Cash Back  from Ebates!","joesjeans.com","https://www.ebates.com/luxury/all-stores.htm"
"luisaviaroma","4.5%","4.5%","0.0%","Up to 4.5% Cash Back","Get a great deal from See all Luisaviaroma plus  Up to 4.5% Cash Back  from Ebates!","luisaviaroma.com","https://www.ebates.com/luxury/all-stores.htm"
"bergdorfgoodman","4.0%","4.0%","0.0%","4.0% Cash Back","Get a great deal from See all Bergdorf Goodman plus  4.0% Cash Back  from Ebates!","bergdorfgoodman.com","https://www.ebates.com/luxury/all-stores.htm"
"cledepeaubeaute","4.0%","4.0%","0.0%","4.0% Cash Back","Get a great deal from See all Cle de Peau Beaute plus  4.0% Cash Back  from Ebates!","cledepeaubeaute.com","https://www.ebates.com/luxury/all-stores.htm"
"dkny","4.0%","4.0%","0.0%","4.0% Cash Back","Get a great deal from See all DKNY plus  4.0% Cash Back  from Ebates!","dkny.com","https://www.ebates.com/luxury/all-stores.htm"
"dooneybourke","4.0%","4.0%","0.0%","4.0% Cash Back","Get a great deal from See all Dooney & Bourke plus  4.0% Cash Back  from Ebates!","dooneybourke.com","https://www.ebates.com/luxury/all-stores.htm"
"eastdane","4.0%","4.0%","0.0%","4.0% Cash Back","Get a great deal from See all East Dane plus  4.0% Cash Back  from Ebates!","eastdane.com","https://www.ebates.com/luxury/all-stores.htm"
"ghurka","4.0%","4.0%","0.0%","4.0% Cash Back","Get a great deal from See all Ghurka plus  4.0% Cash Back  from Ebates!","ghurka.com","https://www.ebates.com/luxury/all-stores.htm"
"giltgroupe","4.0%","4.0%","0.0%","4.0% Cash Back","Get a great deal from See all Gilt plus  4.0% Cash Back  from Ebates!","giltgroupe.com","https://www.ebates.com/luxury/all-stores.htm"
"giorgioarmanibeauty","4.0%","4.0%","0.0%","4.0% Cash Back","Get a great deal from Giorgio Armani Beauty plus  4.0% Cash Back  from Ebates!","giorgioarmanibeauty.com","https://www.ebates.com/luxury/all-stores.htm"
"horchow","4.0%","4.0%","0.0%","4.0% Cash Back","Get a great deal from See all Horchow plus  4.0% Cash Back  from Ebates!","horchow.com","https://www.ebates.com/luxury/all-stores.htm"
"intermix","4.0%","4.0%","0.0%","4.0% Cash Back","Get a great deal from See all INTERMIX plus  4.0% Cash Back  from Ebates!","intermix.com","https://www.ebates.com/luxury/all-stores.htm"
"jbrand","4.0%","4.0%","0.0%","4.0% Cash Back","Get a great deal from See all J Brand plus  4.0% Cash Back  from Ebates!","jbrand.com","https://www.ebates.com/luxury/all-stores.htm"
"jimmychoo","4.0%","4.0%","0.0%","4.0% Cash Back","Get a great deal from See all Jimmy Choo plus  4.0% Cash Back  from Ebates!","jimmychoo.com","https://www.ebates.com/luxury/all-stores.htm"
"johnvarvatos","4.0%","4.0%","0.0%","4.0% Cash Back","Get a great deal from See all John Varvatos plus  4.0% Cash Back  from Ebates!","johnvarvatos.com","https://www.ebates.com/luxury/all-stores.htm"
"jurlique","4.0%","4.0%","0.0%","4.0% Cash Back","Get a great deal from See all Jurlique plus  4.0% Cash Back  from Ebates!","jurlique.com","https://www.ebates.com/luxury/all-stores.htm"
"marcjacobsbeauty","4.0%","4.0%","0.0%","4.0% Cash Back","Get a great deal from See all Marc Jacobs Beauty plus  4.0% Cash Back  from Ebates!","marcjacobsbeauty.com","https://www.ebates.com/luxury/all-stores.htm"
"neimanmarcuslastcall","4.0%","4.0%","0.0%","4.0% Cash Back","Get a great deal from Neiman Marcus Last Call plus  4.0% Cash Back  from Ebates!","neimanmarcuslastcall.com","https://www.ebates.com/luxury/all-stores.htm"
"orchardmile","4.0%","4.0%","0.0%","4.0% Cash Back","Get a great deal from See all Orchard Mile plus  4.0% Cash Back  from Ebates!","orchardmile.com","https://www.ebates.com/luxury/all-stores.htm"
"ray-ban","4.0%","4.0%","0.0%","4.0% Cash Back","Get a great deal from See all Ray-Ban plus  4.0% Cash Back  from Ebates!","ray-ban.com","https://www.ebates.com/luxury/all-stores.htm"
"revive","4.0%","4.0%","0.0%","4.0% Cash Back","Get a great deal from See all ReVive plus  4.0% Cash Back  from Ebates!","revive.com","https://www.ebates.com/luxury/all-stores.htm"
"saksfifthavenue","4.0%","4.0%","0.0%","4.0% Cash Back","Get a great deal from See all Saks Fifth Avenue plus  4.0% Cash Back  from Ebates!","saksfifthavenue.com","https://www.ebates.com/luxury/all-stores.htm"
"saksfifthavenueoff5th","4.0%","4.0%","0.0%","4.0% Cash Back","Get a great deal from See all Saks OFF 5TH plus  4.0% Cash Back  from Ebates!","saksfifthavenueoff5th.com","https://www.ebates.com/luxury/all-stores.htm"
"sephora","4.0%","4.0%","0.0%","4.0% Cash Back","Get a great deal from See all Sephora plus  4.0% Cash Back  from Ebates!","sephora.com","https://www.ebates.com/luxury/all-stores.htm"
"shiseido","4.0%","4.0%","0.0%","4.0% Cash Back","Get a great deal from See all Shiseido plus  4.0% Cash Back  from Ebates!","shiseido.com","https://www.ebates.com/luxury/all-stores.htm"
"stylebop","4.0%","4.0%","0.0%","4.0% Cash Back","Get a great deal from See all Stylebop plus  4.0% Cash Back  from Ebates!","stylebop.com","https://www.ebates.com/luxury/all-stores.htm"
"surlatable","4.0%","4.0%","0.0%","4.0% Cash Back","Get a great deal from See all Sur La Table plus  4.0% Cash Back  from Ebates!","surlatable.com","https://www.ebates.com/luxury/all-stores.htm"
"veronicabeard","4.0%","4.0%","0.0%","4.0% Cash Back","Get a great deal from See all Veronica Beard plus  4.0% Cash Back  from Ebates!","veronicabeard.com","https://www.ebates.com/luxury/all-stores.htm"
"vince","4.0%","4.0%","0.0%","4.0% Cash Back","Get a great deal from See all Vince plus  4.0% Cash Back  from Ebates!","vince.com","https://www.ebates.com/luxury/all-stores.htm"
"waterford","4.0%","4.0%","0.0%","4.0% Cash Back","Get a great deal from See all Waterford.com plus  4.0% Cash Back  from Ebates!","waterford.com","https://www.ebates.com/luxury/all-stores.htm"
"wedgwood","4.0%","4.0%","0.0%","4.0% Cash Back","Get a great deal from See all Wedgwood plus  4.0% Cash Back  from Ebates!","wedgwood.com","https://www.ebates.com/luxury/all-stores.htm"
"yslbeautyus","4.0%","4.0%","0.0%","4.0% Cash Back","Get a great deal from Yves Saint Laurent Beauty plus  4.0% Cash Back  from Ebates!","yslbeautyus.com","https://www.ebates.com/luxury/all-stores.htm"
"alexisbittar","3.5%","3.5%","0.0%","3.5% Cash Back","Get a great deal from See all Alexis Bittar plus  3.5% Cash Back  from Ebates!","alexisbittar.com","https://www.ebates.com/luxury/all-stores.htm"
"belstaff","3.5%","3.5%","0.0%","3.5% Cash Back","Get a great deal from See all Belstaff plus  3.5% Cash Back  from Ebates!","belstaff.com","https://www.ebates.com/luxury/all-stores.htm"
"calvinklein","3.5%","3.5%","0.0%","3.5% Cash Back","Get a great deal from See all Calvin Klein plus  3.5% Cash Back  from Ebates!","calvinklein.com","https://www.ebates.com/luxury/all-stores.htm"
"dianevonfurstenberg","3.5%","3.5%","0.0%","3.5% Cash Back","Get a great deal from Diane von Furstenberg DVF plus  3.5% Cash Back  from Ebates!","dianevonfurstenberg.com","https://www.ebates.com/luxury/all-stores.htm"
"effyjewelers","3.5%","3.5%","0.0%","3.5% Cash Back","Get a great deal from See all Effy Jewelry plus  3.5% Cash Back  from Ebates!","effyjewelers.com","https://www.ebates.com/luxury/all-stores.htm"
"frankandoak","3.5%","3.5%","0.0%","3.5% Cash Back","Get a great deal from See all Frank + Oak plus  3.5% Cash Back  from Ebates!","frankandoak.com","https://www.ebates.com/luxury/all-stores.htm"
"halston","3.5%","3.5%","0.0%","3.5% Cash Back","Get a great deal from See all Halston Heritage plus  3.5% Cash Back  from Ebates!","halston.com","https://www.ebates.com/luxury/all-stores.htm"
"hugoboss","3.5%","3.5%","0.0%","3.5% Cash Back","Get a great deal from See all Hugo Boss plus  3.5% Cash Back  from Ebates!","hugoboss.com","https://www.ebates.com/luxury/all-stores.htm"
"joie","3.5%","3.5%","0.0%","3.5% Cash Back","Get a great deal from See all Joie plus  3.5% Cash Back  from Ebates!","joie.com","https://www.ebates.com/luxury/all-stores.htm"
"katespade","3.5%","3.5%","0.0%","3.5% Cash Back","Get a great deal from See all kate spade new york plus  3.5% Cash Back  from Ebates!","katespade.com","https://www.ebates.com/luxury/all-stores.htm"
"marahoffman","3.5%","3.5%","0.0%","3.5% Cash Back","Get a great deal from See all Mara Hoffman plus  3.5% Cash Back  from Ebates!","marahoffman.com","https://www.ebates.com/luxury/all-stores.htm"
"matchesfashion","3.5%","3.5%","0.0%","3.5% Cash Back","Get a great deal from See all MATCHESFASHION.COM plus  3.5% Cash Back  from Ebates!","matchesfashion.com","https://www.ebates.com/luxury/all-stores.htm"
"armani","3.0%","3.0%","0.0%","3.0% Cash Back","Get a great deal from See all Armani plus  3.0% Cash Back  from Ebates!","armani.com","https://www.ebates.com/luxury/all-stores.htm"
"barneysnewyork","3.0%","3.0%","0.0%","3.0% Cash Back","Get a great deal from See all Barneys New York plus  3.0% Cash Back  from Ebates!","barneysnewyork.com","https://www.ebates.com/luxury/all-stores.htm"
"barneyswarehouse","3.0%","3.0%","0.0%","3.0% Cash Back","Get a great deal from See all Barneys Warehouse plus  3.0% Cash Back  from Ebates!","barneyswarehouse.com","https://www.ebates.com/luxury/all-stores.htm"
"bloomingdales","3.0%","3.0%","0.0%","3.0% Cash Back","Get a great deal from See all Bloomingdale's plus  3.0% Cash Back  from Ebates!","bloomingdales.com","https://www.ebates.com/luxury/all-stores.htm"
"darphin","3.0%","3.0%","0.0%","3.0% Cash Back","Get a great deal from See all Darphin plus  3.0% Cash Back  from Ebates!","darphin.com","https://www.ebates.com/luxury/all-stores.htm"
"farfetch","3.0%","3.0%","0.0%","3.0% Cash Back","Get a great deal from See all Farfetch plus  3.0% Cash Back  from Ebates!","farfetch.com","https://www.ebates.com/luxury/all-stores.htm"
"helmutlang","3.0%","3.0%","0.0%","3.0% Cash Back","Get a great deal from See all Helmut Lang plus  3.0% Cash Back  from Ebates!","helmutlang.com","https://www.ebates.com/luxury/all-stores.htm"
"jomalone","3.0%","3.0%","0.0%","3.0% Cash Back","Get a great deal from See all Jo Malone London plus  3.0% Cash Back  from Ebates!","jomalone.com","https://www.ebates.com/luxury/all-stores.htm"
"judithripka","3.0%","3.0%","0.0%","3.0% Cash Back","Get a great deal from See all Judith Ripka plus  3.0% Cash Back  from Ebates!","judithripka.com","https://www.ebates.com/luxury/all-stores.htm"
"kellywearstler","3.0%","3.0%","0.0%","3.0% Cash Back","Get a great deal from See all Kelly Wearstler plus  3.0% Cash Back  from Ebates!","kellywearstler.com","https://www.ebates.com/luxury/all-stores.htm"
"loccitane","3.0%","3.0%","0.0%","3.0% Cash Back","Get a great deal from See all L'OCCITANE plus  3.0% Cash Back  from Ebates!","loccitane.com","https://www.ebates.com/luxury/all-stores.htm"
"lagarconne","3.0%","3.0%","0.0%","3.0% Cash Back","Get a great deal from See all La Garconne plus  3.0% Cash Back  from Ebates!","lagarconne.com","https://www.ebates.com/luxury/all-stores.htm"
"lamer","3.0%","3.0%","0.0%","3.0% Cash Back","Get a great deal from See all La Mer plus  3.0% Cash Back  from Ebates!","lamer.com","https://www.ebates.com/luxury/all-stores.htm"
"michaelkors","3.0%","3.0%","0.0%","3.0% Cash Back","Get a great deal from See all Michael Kors plus  3.0% Cash Back  from Ebates!","michaelkors.com","https://www.ebates.com/luxury/all-stores.htm"
"modaoperandi","3.0%","3.0%","0.0%","3.0% Cash Back","Get a great deal from See all Moda Operandi plus  3.0% Cash Back  from Ebates!","modaoperandi.com","https://www.ebates.com/luxury/all-stores.htm"
"moschino","3.0%","3.0%","0.0%","3.0% Cash Back","Get a great deal from See all Moschino plus  3.0% Cash Back  from Ebates!","moschino.com","https://www.ebates.com/luxury/all-stores.htm"
"mrporter","3.0%","3.0%","0.0%","3.0% Cash Back","Get a great deal from See all MR PORTER plus  3.0% Cash Back  from Ebates!","mrporter.com","https://www.ebates.com/luxury/all-stores.htm"
"mytheresa","3.0%","3.0%","0.0%","3.0% Cash Back","Get a great deal from See all mytheresa.com plus  3.0% Cash Back  from Ebates!","mytheresa.com","https://www.ebates.com/luxury/all-stores.htm"
"neimanmarcus","3.0%","3.0%","0.0%","3.0% Cash Back","Get a great deal from See all Neiman Marcus plus  3.0% Cash Back  from Ebates!","neimanmarcus.com","https://www.ebates.com/luxury/all-stores.htm"
"theoutnet","3.0%","3.0%","0.0%","3.0% Cash Back","Get a great deal from See all The Outnet.com plus  3.0% Cash Back  from Ebates!","theoutnet.com","https://www.ebates.com/luxury/all-stores.htm"
"reissonline","3.0%","3.0%","0.0%","3.0% Cash Back","Get a great deal from See all Reiss Online plus  3.0% Cash Back  from Ebates!","reissonline.com","https://www.ebates.com/luxury/all-stores.htm"
"shuuemura","3.0%","3.0%","0.0%","3.0% Cash Back","Get a great deal from See all Shu Uemura plus  3.0% Cash Back  from Ebates!","shuuemura.com","https://www.ebates.com/luxury/all-stores.htm"
"theory","3.0%","3.0%","0.0%","3.0% Cash Back","Get a great deal from See all Theory plus  3.0% Cash Back  from Ebates!","theory.com","https://www.ebates.com/luxury/all-stores.htm"
"thomaspink","3.0%","3.0%","0.0%","3.0% Cash Back","Get a great deal from See all Thomas Pink plus  3.0% Cash Back  from Ebates!","thomaspink.com","https://www.ebates.com/luxury/all-stores.htm"
"philliplim","3.0%","3.0%","0.0%","3.0% Cash Back","Get a great deal from See all 3.1 Phillip Lim plus  3.0% Cash Back  from Ebates!","philliplim.com","https://www.ebates.com/luxury/all-stores.htm"
"7forallmankind","3.0%","3.0%","0.0%","3.0% Cash Back","Get a great deal from See all 7 For All Mankind plus  3.0% Cash Back  from Ebates!","7forallmankind.com","https://www.ebates.com/luxury/all-stores.htm"
"colehaan","2.5%","2.5%","0.0%","2.5% Cash Back","Get a great deal from See all Cole Haan plus  2.5% Cash Back  from Ebates!","colehaan.com","https://www.ebates.com/luxury/all-stores.htm"
"designwithinreach","2.5%","2.5%","0.0%","2.5% Cash Back","Get a great deal from See all Design Within Reach plus  2.5% Cash Back  from Ebates!","designwithinreach.com","https://www.ebates.com/luxury/all-stores.htm"
"marcjacobs","2.5%","2.5%","0.0%","2.5% Cash Back","Get a great deal from See all Marc Jacobs plus  2.5% Cash Back  from Ebates!","marcjacobs.com","https://www.ebates.com/luxury/all-stores.htm"
"ralphlauren","2.5%","2.5%","0.0%","2.5% Cash Back","Get a great deal from See all Ralph Lauren plus  2.5% Cash Back  from Ebates!","ralphlauren.com","https://www.ebates.com/luxury/all-stores.htm"
"spacenk","2.5%","2.5%","0.0%","2.5% Cash Back","Get a great deal from See all Space NK plus  2.5% Cash Back  from Ebates!","spacenk.com","https://www.ebates.com/luxury/all-stores.htm"
"toryburch","2.5%","2.5%","0.0%","2.5% Cash Back","Get a great deal from See all Tory Burch plus  2.5% Cash Back  from Ebates!","toryburch.com","https://www.ebates.com/luxury/all-stores.htm"
"tumiluggage","2.5%","2.5%","0.0%","2.5% Cash Back","Get a great deal from See all TUMI Luggage plus  2.5% Cash Back  from Ebates!","tumiluggage.com","https://www.ebates.com/luxury/all-stores.htm"
"allsaints","2.0%","2.0%","0.0%","2.0% Cash Back","Get a great deal from See all AllSaints plus  2.0% Cash Back  from Ebates!","allsaints.com","https://www.ebates.com/luxury/all-stores.htm"
"oscardelarenta2","2.0%","2.0%","0.0%","2.0% Cash Back","Get a great deal from See all Oscar de la Renta plus  2.0% Cash Back  from Ebates!","oscardelarenta2.com","https://www.ebates.com/luxury/all-stores.htm"
"renttherunway","2.0%","2.0%","0.0%","2.0% Cash Back","Get a great deal from See all Rent the Runway plus  2.0% Cash Back  from Ebates!","renttherunway.com","https://www.ebates.com/luxury/all-stores.htm"
"shopbop","2.0%","2.0%","0.0%","2.0% Cash Back","Get a great deal from See all Shopbop plus  2.0% Cash Back  from Ebates!","shopbop.com","https://www.ebates.com/luxury/all-stores.htm"
"totokaelo","1.5%","1.5%","0.0%","1.5% Cash Back","Get a great deal from See all Totokaelo plus  1.5% Cash Back  from Ebates!","totokaelo.com","https://www.ebates.com/luxury/all-stores.htm"
"yoox","1.5%","1.5%","0.0%","1.5% Cash Back","Get a great deal from See all YOOX plus  1.5% Cash Back  from Ebates!","yoox.com","https://www.ebates.com/luxury/all-stores.htm"
"anthropologie","1.0%","1.0%","0.0%","1.0% Cash Back","Get a great deal from See all Anthropologie plus  1.0% Cash Back  from Ebates!","anthropologie.com","https://www.ebates.com/luxury/all-stores.htm"
"bluenile","1.0%","1.0%","0.0%","1.0% Cash Back","Get a great deal from See all Blue Nile plus  1.0% Cash Back  from Ebates!","bluenile.com","https://www.ebates.com/luxury/all-stores.htm"
"lululemon","1.0%","1.0%","0.0%","1.0% Cash Back","Get a great deal from See all Lululemon plus  1.0% Cash Back  from Ebates!","lululemon.com","https://www.ebates.com/luxury/all-stores.htm"
"nordstromrack","1.0%","1.0%","0.0%","1.0% Cash Back","Get a great deal from See all Nordstrom Rack plus  1.0% Cash Back  from Ebates!","nordstromrack.com","https://www.ebates.com/luxury/all-stores.htm"
"tedbaker-london","1.0%","1.0%","0.0%","1.0% Cash Back","Get a great deal from See all Ted Baker plus  1.0% Cash Back  from Ebates!","tedbaker-london.com","https://www.ebates.com/luxury/all-stores.htm"
"Macy's","2.5%","2.5%","0.0%","2.5% In-Store Cash Back","","","https://www.ebates.com/in-store.htm"
"Splendid","4.0%","4.0%","0.0%","4.0% In-Store Cash Back","","","https://www.ebates.com/in-store.htm"
"American Eagle Outfitters","2.0%","2.0%","0.0%","2.0% In-Store Cash Back","","","https://www.ebates.com/in-store.htm"
"Petco","4.0%","4.0%","0.0%","4.0% In-Store Cash Back","","","https://www.ebates.com/in-store.htm"
"buybuy BABY","2.0%","2.0%","0.0%","2.0% In-Store Cash Back","","","https://www.ebates.com/in-store.htm"
"Saks Fifth Avenue","4.0%","4.0%","0.0%","4.0% In-Store Cash Back","","","https://www.ebates.com/in-store.htm"
"John Varvatos","5.0%","5.0%","0.0%","5.0% In-Store Cash Back","","","https://www.ebates.com/in-store.htm"
"Men's Wearhouse","4.0%","4.0%","0.0%","4.0% In-Store Cash Back","","","https://www.ebates.com/in-store.htm"
"The Body Shop","4.0%","4.0%","0.0%","4.0% In-Store Cash Back","","","https://www.ebates.com/in-store.htm"
"Jos. A. Bank","4.0%","4.0%","0.0%","4.0% In-Store Cash Back","","","https://www.ebates.com/in-store.htm"
"Johnston & Murphy","5.0%","5.0%","0.0%","5.0% In-Store Cash Back","","","https://www.ebates.com/in-store.htm"
"Cost Plus World Market","2.0%","2.0%","0.0%","2.0% In-Store Cash Back","","","https://www.ebates.com/in-store.htm"
"Moosejaw","5.0%","5.0%","0.0%","5.0% In-Store Cash Back","","","https://www.ebates.com/in-store.htm"
"Bed Bath and Beyond","2.0%","2.0%","0.0%","2.0% In-Store Cash Back","","","https://www.ebates.com/in-store.htm"
"Fashion to Figure","2.5%","2.5%","0.0%","2.5% In-Store Cash Back","","","https://www.ebates.com/in-store.htm"
"GNC","5.0%","5.0%","0.0%","5.0% In-Store Cash Back","","","https://www.ebates.com/in-store.htm"
"Crate and Barrel","1.0%","1.0%","0.0%","1.0% In-Store Cash Back","","","https://www.ebates.com/in-store.htm"
"CB2","1.0%","1.0%","0.0%","1.0% In-Store Cash Back","","","https://www.ebates.com/in-store.htm"
"Lord & Taylor","4.0%","4.0%","0.0%","4.0% In-Store Cash Back","","","https://www.ebates.com/in-store.htm"
"Saks OFF 5TH","4.0%","4.0%","0.0%","4.0% In-Store Cash Back","","","https://www.ebates.com/in-store.htm"
"Rebecca Taylor","3.5%","3.5%","0.0%","3.5% In-Store Cash Back","","","https://www.ebates.com/in-store.htm"
"Tervis","4.0%","4.0%","0.0%","4.0% In-Store Cash Back","","","https://www.ebates.com/in-store.htm"
"New York & Company","2.5%","2.5%","0.0%","2.5% In-Store Cash Back","","","https://www.ebates.com/in-store.htm"
"Plow and Hearth","4.0%","4.0%","0.0%","4.0% In-Store Cash Back","","","https://www.ebates.com/in-store.htm"
"MAC Cosmetics","3.0%","3.0%","0.0%","3.0% In-Store Cash Back","","","https://www.ebates.com/in-store.htm"
"Claim Jumper","10.0%","10.0%","0.0%","10.0% In-Store Cash Back","","","https://www.ebates.com/in-store.htm"
"Saltgrass Steak House","10.0%","10.0%","0.0%","10.0% In-Store Cash Back","","","https://www.ebates.com/in-store.htm"
"G.H. Bass and Co.","4.0%","4.0%","0.0%","4.0% In-Store Cash Back","","","https://www.ebates.com/in-store.htm"
"Club Monaco","2.5%","2.5%","0.0%","2.5% In-Store Cash Back","","","https://www.ebates.com/in-store.htm"
"Gap","2.0%","2.0%","0.0%","2.0% In-Store Cash Back","","","https://www.ebates.com/in-store.htm"
"EXPRESS","2.5%","2.5%","0.0%","2.5% In-Store Cash Back","","","https://www.ebates.com/in-store.htm"
"Ann Taylor","2.0%","2.0%","0.0%","2.0% In-Store Cash Back","","","https://www.ebates.com/in-store.htm"
"charming charlie","1.0%","1.0%","0.0%","1.0% In-Store Cash Back","","","https://www.ebates.com/in-store.htm"
"Clarks","4.0%","4.0%","0.0%","4.0% In-Store Cash Back","","","https://www.ebates.com/in-store.htm"
"Charlotte Russe","2.0%","2.0%","0.0%","2.0% In-Store Cash Back","","","https://www.ebates.com/in-store.htm"
"Destination XL","2.5%","2.5%","0.0%","2.5% In-Store Cash Back","","","https://www.ebates.com/in-store.htm"
"Under Armour","3.0%","3.0%","0.0%","3.0% In-Store Cash Back","","","https://www.ebates.com/in-store.htm"
"Sunglass Hut","4.0%","4.0%","0.0%","4.0% In-Store Cash Back","","","https://www.ebates.com/in-store.htm"
"INTERMIX","8.0%","8.0%","0.0%","8.0% In-Store Cash Back","","","https://www.ebates.com/in-store.htm"
"Simply Beverages®","$0.75","$0.75","0.0%","SAVE $0.75","on one (1) 59 or 89 fl. oz. carafe of Simply Lemonade® or Simply Juice Drinks®, any variety","","https://www.coupons.com/coupons/"
"Big G Cereals","$1.00","$1.00","0.0%","SAVE $1.00 ON TWO","when you buy TWO BOXES any flavor General Mills Big G or Nature Valley™ cereal: Cheerios™ • Cinnamon Toast Crunch™ • Chex™ ...","","https://www.coupons.com/coupons/"
"HUGGIES®","$3.00","$3.00","0.0%","GET $3.00 OFF","any ONE (1) package of HUGGIES® Diapers (Not valid on 9 ct. or less)","","https://www.coupons.com/coupons/"
"Ziploc®","$1.00","$1.00","0.0%","SAVE $1.00","on any TWO (2) Ziploc® brand bags","","https://www.coupons.com/coupons/"
"Scrubbing Bubbles®","$1.00","$1.00","0.0%","SAVE $1.00","on any ONE (1) Scrubbing Bubbles® bathroom cleaning product","","https://www.coupons.com/coupons/"
"HUGGIES®","$0.50","$0.50","0.0%","GET $0.50 OFF","any ONE (1) package of HUGGIES® Wipes (56-167 ct.)","","https://www.coupons.com/coupons/"
"HUGGIES®","$2.00","$2.00","0.0%","GET $2.00 OFF","any ONE (1) package of HUGGIES® Diapers (Not valid on 9 ct. or less)","","https://www.coupons.com/coupons/"
"Suave","$1.00","$1.00","0.0%","$1.00 OFF","any ONE (1) Suave® Professionals Gold product (includes Suave Professionals® Styling products)","","https://www.coupons.com/coupons/"
"Ziploc®","$1.00","$1.00","0.0%","SAVE $1.00","on any TWO (2) Ziploc® brand Slider Bags","","https://www.coupons.com/coupons/"
"KOTEX®","$1.00","$1.00","0.0%","SAVE $1.00","on any ONE (1) package of U by KOTEX® Products (not valid on Liners 14-22 ct. or trial size/travel packs)","","https://www.coupons.com/coupons/"
"Suave","$1.00","$1.00","0.0%","$1.00 OFF","any ONE (1) Suave® Professionals Silver or Green 28oz (includes Suave Professionals® Styling products)","","https://www.coupons.com/coupons/"
"Irish Spring®","$1.00","$1.00","0.0%","SAVE $1.00","On any Irish Spring® Body Wash (excludes Trial or Travel Size)","","https://www.coupons.com/coupons/"
"TURTLES®","$1.00","$1.00","0.0%","SAVE $1.00","off any TWO (2) TURTLES® bars (2.3oz or smaller)","","https://www.coupons.com/coupons/"
"Barilla® Pronto™","$0.75","$0.75","0.0%","SAVE $0.75","on any TWO (2) Barilla® Pronto™ Products","","https://www.coupons.com/coupons/"
"HORMEL® Brand","$1.00","$1.00","0.0%","SAVE $1.00","on the purchase of any two (2) HORMEL® Pepperoni products","","https://www.coupons.com/coupons/"
"OSCAR MAYER","$1.00","$1.00","0.0%","SAVE $1.00","on any ONE (1) OSCAR MAYER Natural Sausage Link product","","https://www.coupons.com/coupons/"
"Yoplait","$1.00","$1.00","0.0%","SAVE $1.00 ON ONE","when you buy any flavor Yoplait® Yogurt 8-Pack Fridge Pack","","https://www.coupons.com/coupons/"
"HUGGIES®","$1.50","$1.50","0.0%","GET $1.50 OFF","any TWO (2) packages of HUGGIES® Wipes (168 ct. or higher)","","https://www.coupons.com/coupons/"
"Cetaphil®","$2.00","$2.00","0.0%","$2.00 OFF","any 1 (one) Cetaphil® product (excludes trial/travel sizes and single bars)","","https://www.coupons.com/coupons/"
"Cetaphil®","$3.00","$3.00","0.0%","$3.00 OFF","any 1 (one) New Cetaphil® Facial Care product (excludes makeup remover wipes)","","https://www.coupons.com/coupons/"
"Scrubbing Bubbles®","$3.00","$3.00","0.0%","SAVE $3.00","on any ONE (1) Scrubbing Bubbles® Fresh Brush® Starter Kit and Caddy or any THREE (3) Fresh Brush® Refills","","https://www.coupons.com/coupons/"
"Schick® Disposable Razor Pack","$3.00","$3.00","0.0%","SAVE $3.00","on any ONE (1) Schick® Disposable Razor Pack (excludes 1 ct. and Schick® Slim Twin® 6 ct.)","","https://www.coupons.com/coupons/"
"Scrubbing Bubbles®","$2.00","$2.00","0.0%","SAVE $2.00","on any TWO (2) Scrubbing Bubbles® Toilet Cleaning Gel (excludes club pack)","","https://www.coupons.com/coupons/"
"Hellmann's or Best Foods","$0.75","$0.75","0.0%","$0.75 OFF","Any ONE (1) Hellmann’s or Best Foods Vegan Sandwich Spread or Organic Mayonnaise (Available in Original and 3 flavors)","","https://www.coupons.com/coupons/"
"SPLENDA®","$1.00","$1.00","0.0%","SAVE $1.00","on ONE (1) SPLENDA® Sweetener Product, any variety or size.","","https://www.coupons.com/coupons/"
"DINTY MOORE® Brand","$1.00","$1.00","0.0%","SAVE $1.00","on the purchase of any two (2) DINTY MOORE® products (excludes Trays)","","https://www.coupons.com/coupons/"
"Tidy Cats®","$2.00","$2.00","0.0%","SAVE $2.00","on one (1) package of Purina® Tidy Cats® LightWeight brand cat litter, any size, any variety","","https://www.coupons.com/coupons/"
"Glade®","$1.00","$1.00","0.0%","SAVE $1.00","on any TWO (2) Glade® products (excludes Glade® Solid Air Freshener and 8 oz. Room Spray)","","https://www.coupons.com/coupons/"
"Schick® Disposable Razor Packs","$5.00","$5.00","0.0%","SAVE $5.00","on any TWO (2) Schick® Disposable Razor Packs (excludes 1 ct. and Schick® Slim Twin® 6 ct.)","","https://www.coupons.com/coupons/"
"Adult ZYRTEC®","$4.00","$4.00","0.0%","SAVE $4.00","on any ONE (1) Adult ZYRTEC® product (24-30ct)","","https://www.coupons.com/coupons/"
"Pert®","$1.00","$1.00","0.0%","SAVE $1.00","on any ONE (1) Pert Shampoo plus Conditioner","","https://www.coupons.com/coupons/"
"L'Oreal Paris","$2.00","$2.00","0.0%","SAVE $2.00","on ANY ONE (1) L'Oreal Paris Skin Care product (excludes trial size)","","https://www.coupons.com/coupons/"
"BENADRYL®","$1.00","$1.00","0.0%","SAVE $1.00","on any ONE (1) Adult BENADRYL® product","","https://www.coupons.com/coupons/"
"L'Oreal Paris","$1.00","$1.00","0.0%","SAVE $1.00","on ANY ONE (1) L'Oreal Paris Hair Expert shampoo, conditioner or treatment product (excludes 3 oz. trial size)","","https://www.coupons.com/coupons/"
"PULL-UPS®","$2.00","$2.00","0.0%","GET $2.00 OFF","any ONE (1) PULL-UPS® Training Pants or GOODNITES® Bedtime Pants or Bed Mats (Not valid on 7 ct. or less)","","https://www.coupons.com/coupons/"
"HORMEL® NATURAL CHOICE® Brand","$0.50","$0.50","0.0%","SAVE $0.50","on the purchase of any one (1) HORMEL® NATURAL CHOICE® Deli Meat product","","https://www.coupons.com/coupons/"
"Hefty® Slider Bags","$1.00","$1.00","0.0%","SAVE $1.00","off TWO (2) packages of Hefty® Slider Bags (10 Ct. or Larger)","","https://www.coupons.com/coupons/"
"PAMPERS®","$1.00","$1.00","0.0%","$1.00 OFF","ONE Pampers® Swaddlers Diapers (excludes trial/travel size)","","https://www.coupons.com/coupons/"
"Cat Chow®","$1.05","$1.05","0.0%","SAVE $1.05","on one (1) 3.15lb or larger bag of Purina® Cat Chow® brand dry cat food, any variety","","https://www.coupons.com/coupons/"
"Scotchgard","$1.00","$1.00","0.0%","$1.00 OFF","On Any ONE (1) Scotchgard Product","","https://www.coupons.com/coupons/"
"PAMPERS®","$1.00","$1.00","0.0%","$1.00 OFF","ONE Pampers® Baby Dry Diapers (excludes trial/travel size)","","https://www.coupons.com/coupons/"
"Ziploc®","$1.00","$1.00","0.0%","SAVE $1.00","on any TWO (2) Ziploc® brand containers","","https://www.coupons.com/coupons/"
"ARM & HAMMER™","$1.00","$1.00","0.0%","SAVE $1.00","on ONE (1) ARM & HAMMER™ Liquid Laundry Detergent","","https://www.coupons.com/coupons/"
"Adult RHINOCORT®","$6.00","$6.00","0.0%","SAVE $6.00","on any ONE (1) Adult RHINOCORT® product","","https://www.coupons.com/coupons/"
"Children's ZYRTEC®","$4.00","$4.00","0.0%","SAVE $4.00","on any ONE (1) Children's ZYRTEC® product","","https://www.coupons.com/coupons/"
"Gerber®","$1.00","$1.00","0.0%","SAVE $1.00","off any THREE (3) Gerber® Graduates® Puffs, Lil' Crunchies®, or Yogurt Melts™ items","","https://www.coupons.com/coupons/"
"Purina ONE®","$1.50","$1.50","0.0%","SAVE $1.50","on one (1) bag of Purina ONE® SmartBlend® dry dog food, any size, any variety","","https://www.coupons.com/coupons/"
"Beneful®","$3.00","$3.00","0.0%","SAVE $3.00","on one (1) bag of Purina® Beneful® Grain Free Dry Dog Food","","https://www.coupons.com/coupons/"
"Clorox® Bleach","$0.50","$0.50","0.0%","SAVE $0.50","on the purchase of ONE (1) Clorox® Bleach (Redeemable at Walmart)","","https://www.coupons.com/coupons/"
"M&Ms® Bottles","$0.50","$0.50","0.0%","SAVE $0.50","on ONE (1) M&Ms® Bottle","","https://www.coupons.com/coupons/"
"OFF!®","$2.00","$2.00","0.0%","SAVE $2.00","on any ONE (1) OFF!® Mosquito Lamp I","","https://www.coupons.com/coupons/"
"Stevia In The Raw®","$1.50","$1.50","0.0%","SAVE $1.50","on one (1) Stevia In The Raw® 9.7oz Bakers Bag","","https://www.coupons.com/coupons/"
"Angel Soft®","$0.75","$0.75","0.0%","SAVE $0.75","off any ONE (1) package of Angel Soft® Bath Tissue, 12 Mega Roll, 24 Double Roll or larger (Available at Walmart)","","https://www.coupons.com/coupons/"
"Quilted Northern Ultra Soft & Strong®","$1.50","$1.50","0.0%","SAVE $1.50","off any ONE (1) package of Quilted Northern Ultra Soft & Strong®, 9 Mega Roll or 18 Mega Roll (Available at Walmart)","","https://www.coupons.com/coupons/"
"COVERGIRL®","$0.50","$0.50","0.0%","$0.50 OFF","ONE COVERGIRL Product (excludes Eye Products, Cheekers, accessories and trial/travel size)","","https://www.coupons.com/coupons/"
"Tyson®","$1.00","$1.00","0.0%","SAVE $1.00","on any ONE (1) Premium Selects Chicken (Available at Walmart)","","https://www.coupons.com/coupons/"
"COVERGIRL®","$0.50","$0.50","0.0%","$0.50 OFF","ONE COVERGIRL Eye Product (excludes 1-Kit Eyeshadows, Total Tease Mascara, accessories and trial/travel size)","","https://www.coupons.com/coupons/"
"Sugar In The Raw®","$.50","$.50","0.0%","SAVE $.50","on ONE (1) Sugar In The Raw® 100 Count Packet Box or 24oz. Bulk or Larger","","https://www.coupons.com/coupons/"
"Cat Chow®","$2.05","$2.05","0.0%","SAVE $2.05","on one (1) 13lb or larger bag of Purina® Cat Chow® brand dry cat food, any variety","","https://www.coupons.com/coupons/"
"Gerber®","$1.00","$1.00","0.0%","SAVE $1.00","When you buy any FOUR (4) Gerber® 1st Foods, 2nd Foods, or 3rd Foods","","https://www.coupons.com/coupons/"
"LUVS®","$1.00","$1.00","0.0%","$1.00 OFF","ONE Luvs® Diapers (excludes trial/travel size)","","https://www.coupons.com/coupons/"
"POISE®","$2.00","$2.00","0.0%","SAVE $2.00","on any ONE (1) package of POISE® Pads (11 – 44 ct.)","","https://www.coupons.com/coupons/"
"Clorox Scentiva™","$0.75","$0.75","0.0%","SAVE $0.75","On any ONE (1) Clorox Scentiva™ Wipe or Spray Item (Redeemable at Walmart)","","https://www.coupons.com/coupons/"
"POISE®","$2.00","$2.00","0.0%","SAVE $2.00","on any ONE (1) package of POISE® Liners (Not valid on 14-26 ct. Liners)","","https://www.coupons.com/coupons/"
"MOTRIN®","$1.00","$1.00","0.0%","SAVE $1.00","on any ONE (1) MOTRIN® or Children’s MOTRIN® product","","https://www.coupons.com/coupons/"
"PAMPERS®","$1.00","$1.00","0.0%","$1.00 OFF","ONE Pampers® Cruisers Diapers (excludes trial/travel size)","","https://www.coupons.com/coupons/"
"OPTI-FREE® Solution","$2.00","$2.00","0.0%","SAVE $2.00","On Any ONE (1) OPTI-FREE® Solution (10oz or Larger) or OPTI-FREE® Rewetting Drop (10mL or Larger)","","https://www.coupons.com/coupons/"
"SECRET®","$1.50","$1.50","0.0%","$1.50 OFF","ONE Secret® Clinical Antiperspirant/Deodorant (excludes trial/travel size)","","https://www.coupons.com/coupons/"
"Gerber®","$0.75","$0.75","0.0%","SAVE $0.75","when you purchase any TWO (2) Gerber® Cereal products","","https://www.coupons.com/coupons/"
"TAMPAX®","$2.00","$2.00","0.0%","$2.00 OFF","TWO Tampax® Pearl Products (18 ct or larger) (excludes trial/travel size)","","https://www.coupons.com/coupons/"
"Glade®","$1.50","$1.50","0.0%","SAVE $1.50","on any ONE (1) Glade® Atmosphere Collection","","https://www.coupons.com/coupons/"
"Quilted Northern Ultra Soft & Strong®","$1.50","$1.50","0.0%","SAVE $1.50","off any ONE (1) package of Quilted Northern Ultra Soft & Strong®, 24 Double Roll (Available at Walmart)","","https://www.coupons.com/coupons/"
"Coppertone®","$3.00","$3.00","0.0%","SAVE $3.00","on any TWO (2) Coppertone® products (5 oz. or larger)","","https://www.coupons.com/coupons/"
"VENUS®","$1.00","$1.00","0.0%","$1.00 OFF","ONE Simply Venus® Disposable Razor Pack 4ct or larger","","https://www.coupons.com/coupons/"
"Snuggle® Plus SuperFresh™","$0.50","$0.50","0.0%","SAVE $0.50","On ONE (1) Snuggle® Plus SuperFresh™ Liquid (48.6 oz) or Sheets (105 ct) (Available at Walmart)","","https://www.coupons.com/coupons/"
"Kellogg's®","$2.00","$2.00","0.0%","SAVE $2.00","on any TWO Kellogg's® Special K® Protein Meal Bars and/or Protein Shakes","","https://www.coupons.com/coupons/"
"BOOST®","$1.50","$1.50","0.0%","SAVE $1.50","on any ONE (1) multipack or canister of BOOST® Nutritional Drink or Drink Mix","","https://www.coupons.com/coupons/"
"ALWAYS®","$1.00","$1.00","0.0%","$1.00 OFF","ONE Always® Radiant Pantiliners 48 ct or larger (excludes trial/travel size)","","https://www.coupons.com/coupons/"
"Gerber®","$1.00","$1.00","0.0%","SAVE $1.00","When you purchase any FOUR (4) Gerber® Grabbers™ or Organic Pouches","","https://www.coupons.com/coupons/"
"VENUS®","$1.00","$1.00","0.0%","$1.00 OFF","ONE Venus® Original OR Embrace® Disposable Razor Pack 2ct or larger","","https://www.coupons.com/coupons/"
"OFF!®","$2.00","$2.00","0.0%","SAVE $2.00","on any ONE (1) OFF!® Clip-On™ Mosquito Repellent Starter Kit","","https://www.coupons.com/coupons/"
"Clairol","$5.00","$5.00","0.0%","$5.00 OFF","TWO (2) boxes of Clairol Hair Color (excludes Age Defy, Balsam, Textures & Tones and trial/travel size)","","https://www.coupons.com/coupons/"
"Nicorette or NicoDerm","$10","$10","0.0%","SAVE $10","On any One (1) NicoDerm 14ct. or Nicorette product (72ct. or larger)","","https://www.coupons.com/coupons/"
"all® free clear","$1.00","$1.00","0.0%","SAVE $1.00","on any ONE (1) all® free clear liquid (141oz) or all® mighty pacs® (67ct) (Available at Walmart)","","https://www.coupons.com/coupons/"
"Bio-Oil®","$2.00","$2.00","0.0%","SAVE $2.00","On a 2 fl. oz. bottle of Bio-Oil® Located in Skincare and First Aid sections","","https://www.coupons.com/coupons/"
"Friskies®","$0.75","$0.75","0.0%","SAVE $0.75","on one (1) 3.15lb or larger bag of Purina® Friskies® brand dry cat food, any variety","","https://www.coupons.com/coupons/"
"Amopé® Pedi Perfect®","$15.00","$15.00","0.0%","$15.00 OFF","on any ONE (1) Amopé® Pedi Perfect® Wet and Dry™ Rechargeable Foot File","","https://www.coupons.com/coupons/"
"Nexium® 24HR","$2.00","$2.00","0.0%","$2.00 OFF","ONE (1) Nexium® 24HR","","https://www.coupons.com/coupons/"
"Carr’s®","$1.00","$1.00","0.0%","SAVE $1.00","on any ONE Carr’s® Crackers","","https://www.coupons.com/coupons/"
"Windex®","$2.00","$2.00","0.0%","SAVE $2.00","on any ONE (1) Windex® Outdoor Glass, Patio, and More! Product (excludes travel and trial sizes)","","https://www.coupons.com/coupons/"
"Persil®","$2.00","$2.00","0.0%","SAVE $2.00","on ONE Persil® ProClean® laundry detergent (75oz or larger)","","https://www.coupons.com/coupons/"
"Carnation Breakfast Essentials®","$2.00","$2.00","0.0%","SAVE $2.00","on any TWO (2) Carnation Breakfast Essentials® Powder Drink Mix Nutritional Products","","https://www.coupons.com/coupons/"
"Barilla® ProteinPLUS®","$0.75","$0.75","0.0%","SAVE $0.75","on any TWO (2) Barilla® ProteinPLUS® Products","","https://www.coupons.com/coupons/"
"all® OXI","$1.50","$1.50","0.0%","SAVE $1.50","on any ONE (1) all® OXI Liquid Laundry Detergent (184.5oz) (Available at Walmart)","","https://www.coupons.com/coupons/"
"Amopé® Pedi Perfect®","$10.00","$10.00","0.0%","$10.00 OFF","on any ONE (1) Amopé® Pedi Perfect® Electronic Foot File","","https://www.coupons.com/coupons/"
"Clairol","$2.00","$2.00","0.0%","$2.00 OFF","ONE (1) box of Clairol® Hair Color (excludes Age Defy, Balsam, Textures & Tones and trial/travel size)","","https://www.coupons.com/coupons/"
"Suave®","$1.00","$1.00","0.0%","$1.00 OFF","any ONE (1) Suave Professionals® Avocado & Olive Oil, Bamboo + Aloe Hair product or Luxe Infusions Styling Product","","https://www.coupons.com/coupons/"
"ARM & HAMMER™","$1.00","$1.00","0.0%","SAVE $1.00","on ONE (1) ARM & HAMMER™ Single-Dose Laundry Detergent","","https://www.coupons.com/coupons/"
"PetArmor Plus for Dogs or Cats","$2.00","$2.00","0.0%","SAVE $2.00","when you buy any one (1) PetArmor® Plus for Dogs or Cats, 3 count or 6 count size","","https://www.coupons.com/coupons/"
"Pure Leaf","$1.00","$1.00","0.0%","SAVE $1.00","on any ONE (1) Pure Leaf hot or iced bagged and loose teas","","https://www.coupons.com/coupons/"
"COVERGIRL®","$0.50","$0.50","0.0%","$0.50 OFF","ONE COVERGIRL Total Tease Mascara (excludes trial/travel size)","","https://www.coupons.com/coupons/"
"HUGGIES®","$1.50","$1.50","0.0%","GET $1.50 OFF","any ONE (1) package of HUGGIES® LITTLE SWIMMERS® Disposable Swimpants (10 ct. or larger)","","https://www.coupons.com/coupons/"
"VENUS®","$1.00","$1.00","0.0%","$1.00 OFF","ONE Venus® Swirl™ OR Venus® & Olay® Razor (excludes disposables)","","https://www.coupons.com/coupons/"
"KIWI®","$2.00","$2.00","0.0%","SAVE $2.00","on any ONE (1) KIWI® Cleaners Product","","https://www.coupons.com/coupons/"
"PAMPERS®","$1.50","$1.50","0.0%","$1.50 OFF","ONE Pampers® Splashers Swim Diapers (excludes trial/travel size)","","https://www.coupons.com/coupons/"
"VICKS®","$1.00","$1.00","0.0%","$1.00 OFF","ONE Vicks® VapoRub™ Product 1.76oz (50g) or 3.53oz (100g) (excludes trial/travel size)","","https://www.coupons.com/coupons/"
"Fresh Step®","$1.50","$1.50","0.0%","SAVE $1.50","on any ONE (1) Unscented Fresh Step® Clumping Litter, 15.4+ lbs","","https://www.coupons.com/coupons/"
"Giovanni 2chic","$2.00","$2.00","0.0%","SAVE $2.00","on any ONE (1) Giovanni 2chic Hair Care Product (excluding 1.5oz & 2oz Travel & 24oz Value Size Items)","","https://www.coupons.com/coupons/"
"Gerber®","$1.00","$1.00","0.0%","SAVE $1.00","off any THREE (3) Gerber® Graduates® Meals or Sides items","","https://www.coupons.com/coupons/"
"Children's RHINOCORT®","$6.00","$6.00","0.0%","SAVE $6.00","on any ONE (1) Children’s RHINOCORT® 60 spray","","https://www.coupons.com/coupons/"
"L'Oreal Paris","$1.00","$1.00","0.0%","SAVE $1.00","on ANY ONE (1) L'Oreal Paris Hair Expert product or Advanced Hairstyle product (excludes 3 oz. trial size)","","https://www.coupons.com/coupons/"
"Schick® Quattro for Women® Refill","$3.00","$3.00","0.0%","SAVE $3.00","on any ONE (1) Schick® Quattro for Women® Refill (excludes Schick® Men's Refill)","","https://www.coupons.com/coupons/"
"TUMS®","$1.50","$1.50","0.0%","SAVE $1.50","on any ONE (1) TUMS® Chewy Bites Product, 32 ct or larger","","https://www.coupons.com/coupons/"
"WOOLITE®","$1.00","$1.00","0.0%","$1.00 OFF","any ONE (1) WOOLITE® Detergent (50oz. or larger)","","https://www.coupons.com/coupons/"
"Soy Vay®","$0.75","$0.75","0.0%","SAVE $0.75","on any one (1) Soy Vay® Marinade","","https://www.coupons.com/coupons/"
"VENUS®","$1.00","$1.00","0.0%","$1.00 OFF","ONE Daisy® Disposable Razor Pack 4ct or larger","","https://www.coupons.com/coupons/"
"Schick Hydro Silk® Razor","$3.00","$3.00","0.0%","SAVE $3.00","on any ONE (1) Schick Hydro Silk® Razor or TrimStyle (excludes Schick® Disposables and Men’s Razor)","","https://www.coupons.com/coupons/"
"GILLETTE®","$1.00","$1.00","0.0%","$1.00 OFF","ONE Gillette® Mach 3® OR Fusion® Disposable Razor (excludes trial/travel size)","","https://www.coupons.com/coupons/"
"Newman’s Own®","$1.00","$1.00","0.0%","SAVE $1.00","On any ONE Newman’s Own® Salad Dressing","","https://www.coupons.com/coupons/"
"Meow Mix®","$0.55","$0.55","0.0%","SAVE $0.55","on any one (1) Meow Mix Irresistibles® Cat Treats (2.5oz or larger)","","https://www.coupons.com/coupons/"
"Purina ONE®","$0.75","$0.75","0.0%","SAVE $0.75","on four (4) 13 oz. cans of Purina ONE® SmartBlend® wet dog food, any variety","","https://www.coupons.com/coupons/"
"CLEAR CARE® Solution","$2.00","$2.00","0.0%","SAVE $2.00","On Any ONE (1) CLEAR CARE® Solution (12oz or Larger)","","https://www.coupons.com/coupons/"
"FIXODENT®","$1.00","$1.00","0.0%","$1.00 OFF","ONE Fixodent® Adhesive 2oz or larger (excludes trial/travel size)","","https://www.coupons.com/coupons/"
"Sun® Clean & Fresh","$1.50","$1.50","0.0%","SAVE $1.50","on any ONE (1) Sun® Clean & Fresh Laundry Detergent (250oz Liquid) (Available at Walmart)","","https://www.coupons.com/coupons/"
"Kay Jewelers","30%","30%","0.0%","30% OFF EVERYTHING","","","https://www.coupons.com/coupons/"
"PAMPERS®","$1.00","$1.00","0.0%","$1.00 OFF","ONE Pampers® Easy Ups Training Pants (excludes trial/travel size)","","https://www.coupons.com/coupons/"
"Purina® Pro Plan®","$5.00","$5.00","0.0%","SAVE $5.00","on one (1) bag of Purina® Pro Plan® brand dry Cat Food, any size, any variety. Available only at Pet Specialty Retailers","","https://www.coupons.com/coupons/"
"L'Oreal Paris","$2.00","$2.00","0.0%","SAVE $2.00","on ANY ONE (1) L'Oreal Paris Superior Preference or Excellence hair color product","","https://www.coupons.com/coupons/"
"Allegra® Allergy","$3.00","$3.00","0.0%","SAVE $3.00","on any ONE (1) Allegra Allergy 5ct, 8ct or 15ct","","https://www.coupons.com/coupons/"
"LYSOL®","$0.75","$0.75","0.0%","$0.75 OFF","any ONE (1) Lysol® Automatic Toilet Bowl Cleaner (Available at Walmart)","","https://www.coupons.com/coupons/"
"Schwarzkopf","$2.00","$2.00","0.0%","$2.00 OFF","When You Buy One (1) Schwarzkopf® Gliss™ Hair Care Product","","https://www.coupons.com/coupons/"
"Caribou Coffee® K-Cup® Pods","$2.00","$2.00","0.0%","BUY 2 SAVE $2.00","On any (2) Caribou Coffee® K-Cup® Pods (12 count, 18 count, 36 count)","","https://www.coupons.com/coupons/"
"Earth Balance","$1.00","$1.00","0.0%","SAVE $1.00","on any ONE (1) Earth Balance® Product (Available at Walmart)","","https://www.coupons.com/coupons/"
"Agave In The Raw®","$.75","$.75","0.0%","SAVE $.75","on one (1) Agave In The Raw® 18.5oz Bottle","","https://www.coupons.com/coupons/"
"Starbucks VIA®","$1.00","$1.00","0.0%","SAVE $1.00","off any ONE (1) Starbucks VIA® Instant Refreshers™ beverage (5ct. or larger)","","https://www.coupons.com/coupons/"
"Schick Hydro Silk® TrimStyle® Razor","$4.00","$4.00","0.0%","SAVE $4.00","on any ONE (1) Schick Hydro Silk® TrimStyle® Razor(excludes Schick® Disposables and Men’s Razor)","","https://www.coupons.com/coupons/"
"MUSCLE MILK®","$2.00","$2.00","0.0%","SAVE $2.00","on any TWO (2) MUSCLE MILK® PROTEIN BARS, 1.76oz or 2.25oz","","https://www.coupons.com/coupons/"
"FLONASE®","$4.00","$4.00","0.0%","SAVE $4.00","on any FLONASE® 120ct spray or larger","","https://www.coupons.com/coupons/"
"Van's Simply Delicious®","$1.50","$1.50","0.0%","$1.50 OFF","any ONE (1) Van's Simply Delicious® Shelf Stable Product (Available at Walmart)","","https://www.coupons.com/coupons/"
"Newman's Own® Organics","$1.00","$1.00","0.0%","SAVE $1.00","on any ONE Newman's Own® Organics Salad Dressing","","https://www.coupons.com/coupons/"
"GILLETTE®","$1.00","$1.00","0.0%","$1.00 OFF","ONE Gillette® Sensor 2, Sensor 3, or Custom Plus 3 Disposable Razor 4ct or larger (excludes trial/travel size)","","https://www.coupons.com/coupons/"
"KIWI®","$2.00","$2.00","0.0%","SAVE $2.00","on any ONE (1) KIWI® Express Shine™ Product (Sponge and Wipes)","","https://www.coupons.com/coupons/"
"CREST®","$2.00","$2.00","0.0%","$2.00 OFF","ONE Crest® 3DWhite™ Glamorous White, 1 Hour Express, Professional Effects OR Supreme Flexfit Whitestrips™ (excludes trial/travel","","https://www.coupons.com/coupons/"
"Murphy Oil Soap®","$0.75","$0.75","0.0%","SAVE $0.75","On any Murphy® Oil Soap Wood Cleaner (22 oz or larger)","","https://www.coupons.com/coupons/"
"POISE®","$2.00","$2.00","0.0%","SAVE $2.00","on any ONE (1) package of POISE® IMPRESSA® Bladder Supports Sizing Kit or Size 1, 2, or 3 (6 ct. or larger)","","https://www.coupons.com/coupons/"
"Starbucks VIA®","$1.00","$1.00","0.0%","SAVE $1.00","off any ONE (1) Starbucks VIA® Instant Black Coffee (5ct. or larger)","","https://www.coupons.com/coupons/"
"Claritin®","$4.00","$4.00","0.0%","SAVE $4.00","on any Non Drowsy Claritin® Allergy Product (30ct or larger)","","https://www.coupons.com/coupons/"
"GILLETTE®","$1.00","$1.00","0.0%","$1.00 OFF","ONE Gillette® Fusion® ProShield™ OR ProGlide™ System Razor (excludes disposables)","","https://www.coupons.com/coupons/"
"Zantac®","$3.00","$3.00","0.0%","SAVE $3.00","on any ONE (1) Zantac® 24ct+ or DUO Fusion™ 20ct+ product (Available at Walmart)","","https://www.coupons.com/coupons/"
"Seeds of Change®","$1.50","$1.50","0.0%","SAVE $1.50","on any TWO (2) Seeds of Change® Certified Organic Food Products","","https://www.coupons.com/coupons/"
"MUSCLE MILK®","$3.00","$3.00","0.0%","SAVE $3.00","on any ONE (1) MUSCLE MILK® GENUINE Protein Powder, 1.93lbs","","https://www.coupons.com/coupons/"
"Amopé GelActiv™","$5.00","$5.00","0.0%","$5.00 OFF","any ONE (1) Amopé GelActiv™ Insole","","https://www.coupons.com/coupons/"
"FLONASE®","$2.00","$2.00","0.0%","SAVE $2.00","on 60 Spray FLONASE® or Children’s FLONASE® or larger","","https://www.coupons.com/coupons/"
"L'Oreal Paris","$2.00","$2.00","0.0%","SAVE $2.00","on ANY ONE (1) L’Oreal Paris EVER shampoo or conditioner product","","https://www.coupons.com/coupons/"
"Sun®","$1.50","$1.50","0.0%","CLICK TO SAVE","Save $1.50 on Sun® Clean & Fresh laundry detergent. Cleans. Fights Stains. Freshens. Available at Walmart.","","https://www.coupons.com/coupons/"
"VICKS®","$1.00","$1.00","0.0%","$1.00 OFF","ONE Vicks® NyQuil™ Product (excludes VapoDrops®, QlearQuil™, ZzzQuil™ and trial/travel size)","","https://www.coupons.com/coupons/"
"Claritin®","$2.00","$2.00","0.0%","SAVE $2.00","on Non Drowsy Claritin® Reditabs® (10ct)","","https://www.coupons.com/coupons/"
"alli","$5.00","$5.00","0.0%","$5.00 OFF","on ONE (1) alli® 120ct Refill Pack","","https://www.coupons.com/coupons/"
"VICKS®","$1.00","$1.00","0.0%","$1.00 OFF","ONE ZzzQuil™ Product (excludes trial/travel size)","","https://www.coupons.com/coupons/"
"PRILOSEC OTC®","$2.00","$2.00","0.0%","$2.00 OFF","ONE Prilosec OTC® Product (excludes trial/travel size)","","https://www.coupons.com/coupons/"
"Claritin®","$4.00","$4.00","0.0%","SAVE $4.00","on any Non Drowsy Children's Claritin® Chewables Allergy Product (20ct or larger)","","https://www.coupons.com/coupons/"
"VICKS®","$1.00","$1.00","0.0%","$1.00 OFF","ONE Vicks® DayQuil™ Product (excludes VapoDrops®, QlearQuil™, ZzzQuil™ and trial/travel size)","","https://www.coupons.com/coupons/"
"DEPEND®","$2.00","$2.00","0.0%","SAVE $2.00","on any ONE (1) package of DEPEND® Underwear (8 ct. or larger)","","https://www.coupons.com/coupons/"
"Claritin® Liqui-Gels®","$4.00","$4.00","0.0%","SAVE $4.00","on Non-Drowsy Claritin® Liqui-Gels® (30ct or larger)","","https://www.coupons.com/coupons/"
"METAMUCIL®","$2.00","$2.00","0.0%","$2.00 OFF","ONE Meta Product (excludes Meta Health Bar 1ct size)","","https://www.coupons.com/coupons/"
"MUSCLE MILK®","$2.00","$2.00","0.0%","SAVE $2.00","on any TWO (2) MUSCLE MILK® 4-PACK PROTEIN SHAKES, 11OZ","","https://www.coupons.com/coupons/"
"GILLETTE®","$1.00","$1.00","0.0%","$1.00 OFF","ONE Gillette® Mach 3® System Razor (excludes trial/travel size)","","https://www.coupons.com/coupons/"
"Starbucks VIA®","$2.25","$2.25","0.0%","SAVE $2.25","off any TWO (2) Starbucks VIA® Instant Coffees (4 ct. or higher)","","https://www.coupons.com/coupons/"
"Muse® Cat Food","$4.00","$4.00","0.0%","SAVE $4.00","on one (1) bag of Muse® Natural Dry Cat Food, 4 lb or larger, any variety. Redeemable only at Pet Specialty Stores.","","https://www.coupons.com/coupons/"
"Valvoline™","$8.00","$8.00","0.0%","SAVE $8.00","on TWO five quart jugs of Valvoline™ MaxLife™ or SynPower Motor Oil (Available at Walmart)","","https://www.coupons.com/coupons/"
"Claritin®","$3.00","$3.00","0.0%","SAVE $3.00","on any Non Drowsy Children's Claritin® Syrup (4oz or larger)","","https://www.coupons.com/coupons/"
"PediaSure®","$2.00","$2.00","0.0%","SAVE $2.00","on any TWO (2) PediaSure® products","","https://www.coupons.com/coupons/"
"PEPTO-BISMOL™","$1.00","$1.00","0.0%","$1.00 OFF","TWO Pepto-Bismol™ Products (excludes trial/travel size)","","https://www.coupons.com/coupons/"
"McCafé®","$1.00","$1.00","0.0%","SAVE $1.00","on any ONE (1) McCafé® Coffee Canister (Redeemable at Walmart)","","https://www.coupons.com/coupons/"
"VICKS®","$1.00","$1.00","0.0%","$1.00 OFF","ONE Vicks® VapoInhaler (excludes trial/travel size)","","https://www.coupons.com/coupons/"
"L'Oreal Paris","$3.00","$3.00","0.0%","SAVE $3.00","on ANY ONE (1) L'Oreal Paris Infallible Pro-Last 2-Step Lip product","","https://www.coupons.com/coupons/"
"FLONASE® Sensimist™","$3.00","$3.00","0.0%","SAVE $3.00","on any FLONASE® Sensimist™ 60ct or larger","","https://www.coupons.com/coupons/"
"Claritin-D®","$4.00","$4.00","0.0%","SAVE $4.00","on any Non-Drowsy Claritin-D® Allergy Product (15ct or larger)","","https://www.coupons.com/coupons/"
"Starbucks VIA®","$1.00","$1.00","0.0%","SAVE $1.00","off any ONE (1) Starbucks VIA® Instant Latte (4ct. or larger)","","https://www.coupons.com/coupons/"
"Dulcolax®","$2.00","$2.00","0.0%","SAVE $2.00","on any ONE (1) Dulcolax® or DulcoEase® product 25ct+ (Redeemable at Walmart)","","https://www.coupons.com/coupons/"
"ARM & HAMMER™","$1.00","$1.00","0.0%","SAVE $1.00","on ONE (1) ARM & HAMMER™ In-Wash Freshness Booster","","https://www.coupons.com/coupons/"
"Rachael Ray™ Nutrish®","$4.00","$4.00","0.0%","SAVE $4.00","on any ONE (1) 4 lb. bag or larger of Rachael Ray™ Nutrish® PEAK Dry Dog Food (Available at Walmart)","","https://www.coupons.com/coupons/"
"CREST®","$2.00","$2.00","0.0%","$2.00 OFF","ONE Crest® Pro-Health™ [HD] OR 3DWhite™ Brilliance 2-Step System (excludes trial/travel size)","","https://www.coupons.com/coupons/"
"L'Oreal Paris","$2.00","$2.00","0.0%","SAVE $2.00","on ANY ONE (1) L'Oreal Paris Cosmetic Face product (excluding Magic Perfecting Base 0.17 FL oz. mini size)","","https://www.coupons.com/coupons/"
"PediaSure®","$3.00","$3.00","0.0%","SAVE $3.00","on any THREE (3) PediaSure® products","","https://www.coupons.com/coupons/"
"EVOL®","$1.00","$1.00","0.0%","SAVE $1.00","on any ONE (1) EVOL® Single Serve Meal (Available at Walmart)","","https://www.coupons.com/coupons/"
"Betsy Farms®","$1.00","$1.00","0.0%","SAVE $1.00","on ONE (1) Betsy Farms Product","","https://www.coupons.com/coupons/"
"Pet Naturals of Vermont","$2.00","$2.00","0.0%","$2.00 OFF","On any ONE (1) Pet Naturals Supplement","","https://www.coupons.com/coupons/"
"FLONASE® Sensimist™","$5.00","$5.00","0.0%","SAVE $5.00","on 120 Spray FLONASE® Sensimist™","","https://www.coupons.com/coupons/"
"Starbucks VIA®","$1.00","$1.00","0.0%","SAVE $1.00","off any ONE (1) Starbucks VIA® Instant Iced Coffee (5ct. or larger)","","https://www.coupons.com/coupons/"
"La Bella®","$1.50","$1.50","0.0%","$1.50 OFF","ONE (1) full-size La Bella® product","","https://www.coupons.com/coupons/"
"ClariSpray®","$5.00","$5.00","0.0%","SAVE $5.00","on any ClariSpray® Nasal Allergy Spray","","https://www.coupons.com/coupons/"
"Allegra® Allergy","$5.00","$5.00","0.0%","SAVE $5.00","on any ONE (1) Allegra® Allergy 24Hr 24ct or larger","","https://www.coupons.com/coupons/"
"Playtex® Sport® Compact Tampons","$1.00","$1.00","0.0%","SAVE $1.00","on any ONE (1) Playtex® Sport® Compact Tampons (Available at Walmart)","","https://www.coupons.com/coupons/"
"Albolene","$5.00","$5.00","0.0%","SAVE $5.00","on one (1) bottle of Albolene Eye Makeup Remover (Redeemable at Walgreens)","","https://www.coupons.com/coupons/"
"Muse® Cat Food","$1.69","$1.69","0.0%","BUY 3, GET 1 FREE","Buy (3) 2.1 oz. tubs or 3 oz cans of Muse® Wet Cat Food, get (1) FREE (up to $1.69). Redeemable only at Pet Specialty Stores.","","https://www.coupons.com/coupons/"
"Children's Allegra® Allergy","$4.00","$4.00","0.0%","SAVE $4.00","on any ONE (1) Children's Allegra Allergy product","","https://www.coupons.com/coupons/"
"DEPEND®","$2.00","$2.00","0.0%","SAVE $2.00","on any ONE (1) package of DEPEND® Real Fit® or Silhouette® Product (8 ct. or larger)","","https://www.coupons.com/coupons/"
"Buddy Fruits®","$0.50","$0.50","0.0%","SAVE $0.50","Buy Any 4 Buddy Fruits® 3.2 oz. Pouches, Save $0.50 on Bananas","","https://www.coupons.com/coupons/"
"Enfamil","$5.00","$5.00","0.0%","SAVE $5.00","On Purchase of Any TWO (2) Enfamil Infant Formula Tubs (20.4 oz. - 22.5 oz.) (Available at Walmart)","","https://www.coupons.com/coupons/"
"Holland House® Cooking Wine","$0.75","$0.75","0.0%","SAVE $0.75","On Any One (1) Bottle of Holland House® Cooking Wine","","https://www.coupons.com/coupons/"
"METAMUCIL®","$2.00","$2.00","0.0%","$2.00 OFF","ONE Meta Appetite Control Product (excludes trial/travel size)","","https://www.coupons.com/coupons/"
"VICKS®","$1.00","$1.00","0.0%","$1.00 OFF","ONE Vicks® Sinex™ Nasal Spray Product (excludes trial/travel size)","","https://www.coupons.com/coupons/"
"HORMEL™ NATURAL CHOICE™ Brand","$1.00","$1.00","0.0%","SAVE $1.00","on the purchase of any one (1) HORMEL™ NATURAL CHOICE™ Snack","","https://www.coupons.com/coupons/"
"ProNourish™ Drink","$2.00","$2.00","0.0%","SAVE $2.00","on any ONE (1) multipack of ProNourish™ Drink","","https://www.coupons.com/coupons/"
"DEPEND®","$2.00","$2.00","0.0%","SAVE $2.00","on any ONE (1) package of DEPEND® NIGHT DEFENSE* Underwear for Women (10 ct. or larger)","","https://www.coupons.com/coupons/"
"VICKS®","$1.00","$1.00","0.0%","$1.00 OFF","ONE Vicks® Sinex™ LiquiCaps Product (excludes trial/travel size)","","https://www.coupons.com/coupons/"
"Annie Chun's","$1.00","$1.00","0.0%","$1.00 OFF","TWO (2) Annie Chun's Products","","https://www.coupons.com/coupons/"
"Nakano® Vinegar","$0.75","$0.75","0.0%","SAVE $0.75","On Any One (1) Bottle of Nakano® Rice Vinegar","","https://www.coupons.com/coupons/"
"EVOL®","$2.00","$2.00","0.0%","SAVE $2.00","on Any ONE (1) EVOL® Multi Serve Meal (Available at Walmart)","","https://www.coupons.com/coupons/"
"Little Remedies®","$4.00","$4.00","0.0%","SAVE $4.00","on any one (1) Little Remedies® New Baby Essentials Kit (Available at Walmart)","","https://www.coupons.com/coupons/"
"CLEARBLUE®","$1.00","$1.00","0.0%","$1.00 OFF","ONE Clearblue® Digital Pregnancy Test with Smart Countdown","","https://www.coupons.com/coupons/"
"Differin®","$3.00","$3.00","0.0%","$3.00 OFF","any Differin® Gel product (15g or 45g)","","https://www.coupons.com/coupons/"
"HORMEL® Brand","$1.00","$1.00","0.0%","SAVE $1.00","on the purchase of any one (1) HORMEL® Taco Meats product","","https://www.coupons.com/coupons/"
"DEPEND®","$2.00","$2.00","0.0%","SAVE $2.00","on any ONE (1) package of DEPEND® Shields or Guards for Men (8 ct. or larger)","","https://www.coupons.com/coupons/"
"Go & Grow by Similac®","$4.00","$4.00","0.0%","$4.00 OFF","any (1) Go & Grow by Similac® Toddler Drink (24oz or larger)","","https://www.coupons.com/coupons/"
"revv® Coffee K-Cup® Pods","$1.50","$1.50","0.0%","SAVE $1.50","On any (1) revv® Coffee K-Cup® Pod (16 count)","","https://www.coupons.com/coupons/"
"V&V Supremo®","$2.00","$2.00","0.0%","SAVE $2.00","on ONE (1) V&V Supremo® Shredded Chihuahua® Quesadilla Cheese (2 lb.)","","https://www.coupons.com/coupons/"
"L'Oreal Paris","$2.00","$2.00","0.0%","SAVE $2.00","on ANY ONE (1) L'Oreal Paris EVER hair care treatment product","","https://www.coupons.com/coupons/"
"DEPEND®","$2.00","$2.00","0.0%","SAVE $2.00","on any ONE (1) package of DEPEND® Bed Protectors (8 ct. or larger)","","https://www.coupons.com/coupons/"
"Florastor","$4.00","$4.00","0.0%","SAVE $4.00","one Florastor 20, 30 count, FlorastorMax, or FlorastorKids 20, 30 count","","https://www.coupons.com/coupons/"
"ALIGN®","$3.00","$3.00","0.0%","$3.00 OFF","ONE Align® Product 28ct or larger (excludes trial/travel size)","","https://www.coupons.com/coupons/"
"AquaBall™","$0.40","$0.40","0.0%","SAVE $0.40","when you buy any SINGLE (1) bottle of AquaBall™ Naturally Flavored Water Drink (10 oz)","","https://www.coupons.com/coupons/"
"Schwarzkopf","$3.00","$3.00","0.0%","$3.00 OFF","When You Buy One (1) Schwarzkopf® Color Ultime® or Keratin Color Hair Color Product","","https://www.coupons.com/coupons/"
"SPAM® Products","$1.00","$1.00","0.0%","SAVE $1.00","on the purchase of any two (2) SPAM® 12 oz. products","","https://www.coupons.com/coupons/"
"AquaBall™","$1.50","$1.50","0.0%","SAVE $1.50","on any ONE (1) 6-pack of AquaBall™ Naturally Flavored Water drink","","https://www.coupons.com/coupons/"
"FoodSaver® Bags","$3.00","$3.00","0.0%","$3.00 OFF","On any one (1) FoodSaver® Vacuum Seal Bag or Roll with a retail value of $8.00 or more","","https://www.coupons.com/coupons/"
"ALIGN®","$3.00","$3.00","0.0%","$3.00 OFF","ONE Align® Adult Chewables Product (excludes trial/travel size)","","https://www.coupons.com/coupons/"
"ALIGN®","$1.50","$1.50","0.0%","$1.50 OFF","ONE Align® Product 14ct (excludes trial/travel size)","","https://www.coupons.com/coupons/"
"Balmex® Complete Protection","$2.00","$2.00","0.0%","$2.00 OFF","on ONE (1) Balmex® Complete Protection Diaper Rash Cream Product 16oz, 4oz or 3.5oz","","https://www.coupons.com/coupons/"
"STOPAIN®","$3.00","$3.00","0.0%","SAVE $3.00","on any ONE (1) Stopain® Product","","https://www.coupons.com/coupons/"
"ALIGN®","$3.00","$3.00","0.0%","$3.00 OFF","ONE Align Jr. Product (excludes trial/travel size)","","https://www.coupons.com/coupons/"
"JointFlex","$3.00","$3.00","0.0%","$3.00 OFF","On One 4.0 oz. tube of JointFlex Pain Relieving Cream","","https://www.coupons.com/coupons/"
"L'Oreal Paris","$1.00","$1.00","0.0%","SAVE $1.00","on ANY ONE (1) L'Oreal Paris Colorista hair color product","","https://www.coupons.com/coupons/"
"Florastor","$6","$6","0.0%","SAVE $6","on one Florastor® 50 capsule box","","https://www.coupons.com/coupons/"
"Certain Dri®","$2.00","$2.00","0.0%","SAVE $2.00","On any one Certain Dri Product","","https://www.coupons.com/coupons/"
"FoodSaver® Appliances","$10.00","$10.00","0.0%","$10.00 OFF","On any one (1) FoodSaver® Food Preservation System with a retail value of $69 or more","","https://www.coupons.com/coupons/"
"Vanquish","$3.00","$3.00","0.0%","$3.00 OFF","On any size of Vanquish caplets (100 or 120 count)","","https://www.coupons.com/coupons/"
"alli","$5.00","$5.00","0.0%","$5.00 OFF","on ONE (1) alli® 60Ct Starter Pack","","https://www.coupons.com/coupons/"
"Cosequin® for Dogs","$2.50","$2.50","0.0%","SAVE $2.50","on any Cosequin® Joint Health Supplement for Dogs","","https://www.coupons.com/coupons/"
"Advecta™","$2.00","$2.00","0.0%","SAVE $2.00","on any ONE (1) Advecta Product","","https://www.coupons.com/coupons/"
"PetLock®","$3.00","$3.00","0.0%","SAVE $3.00","on any ONE (1) PetLock Product","","https://www.coupons.com/coupons/"
"Mucinex","$4","$4","0.0%","SAVE $4","on TWO (2) Mucinex® products 28ct or larger (Available at CVS)","","https://www.coupons.com/coupons/"
"FreeStyle Precision Neo blood glucose meter","$5.00","$5.00","0.0%","$5.00 OFF","when you purchase ONE (1) FreeStyle Precision Neo meter (no prescription required)","","https://www.coupons.com/coupons/"
"ZONNIC","$2.00","$2.00","0.0%","SAVE $2.00","Off any ONE (1) ZONNIC® Nicotine Gum or Mini Lozenge","","https://www.coupons.com/coupons/"
"Albolene","$5.00","$5.00","0.0%","SAVE $5.00","on one (1) bottle of Albolene Eye Makeup Remover (Redeemable at CVS)","","https://www.coupons.com/coupons/"
"Lysol®","$0.75","$0.75","0.0%","CLICK AND SAVE","Click and Save $0.75 OFF any ONE (1) Lysol Automatic Toilet Bowl Cleaner","","https://www.coupons.com/coupons/"
"SC Johnson","$10","$10","0.0%","SAVE OVER $10","Click to save on your favorite brands like Ziploc®, Windex®, Pledge®, Scrubbing Bubbles®, Glade®, and more.","","https://www.coupons.com/coupons/"
"Flonase® Allergy Relief","$10.75","$10.75","0.0%","SAVE UP TO $10.75","On participating essentials Flonase® Allergy Relief, Clorox®, and Pine Sol® products","","https://www.coupons.com/coupons/"
"Michael Kors","25%","25%","0.0%","MOTHER'S DAY EVENT: 25% OFF FOR A LIMITED TIME","Shop Today!","","https://www.coupons.com/coupons/"
"Clinique","50%","50%","0.0%","50% OFF AN EXCLUSIVE BEAUTY CLOSET EVENT","Click through to get started.","","https://www.coupons.com/coupons/"
"Edible Arrangements","20%","20%","0.0%","20% OFF $50+ ORDERS","Click through to shop.","","https://www.coupons.com/coupons/"
"Cash Back Dining","7%","7%","0.0%","GET 7% CASH BACK AT RESTAURANTS NEAR YOU","","","https://www.coupons.com/coupons/"
"ADVECTA 3 FOR DOGS","$2","$2","0.0%","$2 OFF FLEA & TICK TREATMENT","Contains same active ingredients used in BAYER K9 ADVANTIX","","https://www.coupons.com/coupons/"
"Macy’s","30%","30%","0.0%","30% OFF FRIENDS AND FAMILY SALE","Click through to get started.","","https://www.coupons.com/coupons/"
"Amope","$25","$25","0.0%","CLICK AND SAVE","Summer ready feet after just 1 use. The Perfect Mother's Day gift. Save up to $25!","","https://www.coupons.com/coupons/"
"HP","$500","$500","0.0%","UP TO $500 OFF DESKTOPS AND ALL-IN-ONES + FREE SHIPPING","Weekly Deals","","https://www.coupons.com/coupons/"
"New Balance","10%","10%","0.0%","COUPONS.COM EXCLUSIVE! 10% OFF + FREE SHIPPING","Click through to shop.","","https://www.coupons.com/coupons/"
"Old Navy","$50","$50","0.0%","FREE SHIPPING ON $50+ ORDERS + FREE RETURNS","","","https://www.coupons.com/coupons/"
"CheapOair","$30","$30","0.0%","UP TO $30 OFF SUPER SAVER FLIGHT DEALS","Click through to shop.","","https://www.coupons.com/coupons/"
"1-800-Baskets","35%","35%","0.0%","UP TO 35% OFF SITEWIDE MOTHER'S DAY SALE","Click through to get started.","","https://www.coupons.com/coupons/"
"Free Mickey Drawstring Backpack","$1","$1","0.0%","4 DISNEY MOVIES FOR $1","FREE SHIPPING on initial order! With membership. See details.","","https://www.coupons.com/coupons/"
"Nordstrom","30%","30%","0.0%","30% OFF SELECT CLOTHING, SHOES AND ACCESSORIES","Click through to shop.","","https://www.coupons.com/coupons/"
"Snapfish","50%","50%","0.0%","MOTHER'S DAY SPECIAL! 50% OFF EVERYTHING","Click through for code","","https://www.coupons.com/coupons/"
"iRobot","$100","$100","0.0%","$100 OFF IROBOT ROOMBA 980 + FREE SHIPPING","","","https://www.coupons.com/coupons/"
"Sesame Street","$3.99","$3.99","0.0%","3 LEARNING KITS FOR $3.99","Sign Up Today and get a Free Growth Chart","","https://www.coupons.com/coupons/"
"The Popcorn Factory","20%","20%","0.0%","20% OFF MOTHER'S DAY GIFTS","Click through to get started.","","https://www.coupons.com/coupons/"
"Free Mickey Beach Towel","$1","$1","0.0%","4 DISNEY MOVIES FOR $1","FREE SHIPPING on initial order! With membership. See details.","","https://www.coupons.com/coupons/"
"Microsoft","$150","$150","0.0%","UP TO $150 OFF SURFACE PRO 4","Click through to get started.","","https://www.coupons.com/coupons/"
"Hotwire","$15","$15","0.0%","$15 OFF $100 HOT RATE® HOTELS","Click through to get started.","","https://www.coupons.com/coupons/"
"The New York Times","50%","50%","0.0%","50% OFF 26 WEEKS OF BASIC DIGITAL ACCESS","ONLINE SPECIAL","","https://www.coupons.com/coupons/"
"Walgreens","25%","25%","0.0%","COUPONS.COM EXCLUSIVE: 25% OFF CONTACT LENSES + FREE SHIPPING","Click through for code","","https://www.coupons.com/coupons/"
"Lorex Technology","15%","15%","0.0%","15% OFF SITEWIDE","Click through to shop.","","https://www.coupons.com/coupons/"
"Dr. Seuss Subscription","$5.95","$5.95","0.0%","5 BOOKS FOR $5.95","Sign Up Today and get a Free Activity Book","","https://www.coupons.com/coupons/"
"Eastbay","15%","15%","0.0%","15% OFF $75 OR MORE PLUS FREE SHIPPING","Exclusions Apply.","","https://www.coupons.com/coupons/"
"Florastor®","$10","$10","0.0%","SAVE UP TO $10 AT WALMART","The daily probiotic for digestive health.","","https://www.coupons.com/coupons/"
"Office Depot and OfficeMax","30%","30%","0.0%","30% OFF $50 PRINT AND COPY SERVICES","","","https://www.coupons.com/coupons/"
"Brookstone","$20-$60","$20-$60","0.0%","$20-$60 OFF SELECT FITBITS","Mother's Day Fitbit Event!","","https://www.coupons.com/coupons/"
"Free Jungle Book Lunch Box","$1","$1","0.0%","4 DISNEY MOVIES FOR $1","FREE SHIPPING on initial order! With membership. See details.","","https://www.coupons.com/coupons/"
"Florastor®","$4","$4","0.0%","CLICK AND SAVE $4","Your daily probiotic supplement. Are you Biotic?","","https://www.coupons.com/coupons/"
"Things Remembered","25%","25%","0.0%","25% OFF + FREE SHIPPING","Click through to get started.","","https://www.coupons.com/coupons/"
"Teleflora","25%","25%","0.0%","EXCLUSIVE: 25% OFF MOTHER'S DAY FLOWERS + SAME DAY DELIVERY","Click through to get started.","","https://www.coupons.com/coupons/"
"Newegg","10%","10%","0.0%","10% OFF OR MORE W/ TODAY'S NEWEGG PROMO CODES","Shop Today!","","https://www.coupons.com/coupons/"
"Florastor®","$10","$10","0.0%","SAVE UP TO $10 AT WALGREENS","The daily probiotic for digestive health.","","https://www.coupons.com/coupons/"
"East Dane","70%","70%","0.0%","UP TO 70% OFF SALE","New Styles Added","","https://www.coupons.com/coupons/"
"The New York Times","50%","50%","0.0%","50% OFF 1YR BASIC, ALL ACCESS OR ALL ACCESS","HOME DELIVERY SPECIAL","","https://www.coupons.com/coupons/"
"Florastor®","$10","$10","0.0%","SAVE UP TO $10 AT TARGET","The daily probiotic for digestive health.","","https://www.coupons.com/coupons/"
"Overstock.com","$50","$50","0.0%","EXTRA $50 OFF $500 + FREE SHIPPING","Coupons Exclusive!","","https://www.coupons.com/coupons/"
"Florastor®","$6","$6","0.0%","CLICK AND SAVE $6","Your daily probiotic supplement. Are you Biotic?","","https://www.coupons.com/coupons/"
"Newegg","35%","35%","0.0%","NEWEGG'S TRENDING OFFERS - UP TO 35% OFF","Shop Today!","","https://www.coupons.com/coupons/"
"MyProtein","30%","30%","0.0%","COUPONS.COM EXCLUSIVE! 30% OFF SITEWIDE","Click through to shop.","","https://www.coupons.com/coupons/"
"Fannie May","$59","$59","0.0%","FREE SHIPPING ON $59+ ORDERS","Click through to get started.","","https://www.coupons.com/coupons/"
"Medifast","28%","28%","0.0%","28% OFF MEDIFAST GO™","Just $10.97/day with renewal.","","https://www.coupons.com/coupons/"
"BH Cosmetics","10%","10%","0.0%","EXTRA 10% OFF ALL 28 COLOR EYE & LIP PALETTES","Click through to get started.","","https://www.coupons.com/coupons/"
"GoDaddy","50%","50%","0.0%","COUPONS.COM EXCLUSIVE! 50% OFF HOSTING PLANS","Click through to shop.","","https://www.coupons.com/coupons/"
"Florastor®","$10","$10","0.0%","SAVE UP TO $10 AT CVS","The daily probiotic for digestive health.","","https://www.coupons.com/coupons/"
"ASOS","15%","15%","0.0%","15% OFF FOR STUDENTS + CHANCE TO WIN £1000 STA TRAVEL VOUCHER","","","https://www.coupons.com/coupons/"
"Horchow","25-30%","25-30%","0.0%","EVERYTHING SALE: 25-30% OFF SITEWIDE","Click through to get started.","","https://www.coupons.com/coupons/"
"Paul Fredrick","15%","15%","0.0%","EXCLUSIVE - 15% OFF ORDERS OF $150+","Click through to get started.","","https://www.coupons.com/coupons/"
"Overstock","15-30%","15-30%","0.0%","Take an Extra 15-30% Off","","","https://www.retailmenot.com/"
"Lord & Taylor","60%","60%","0.0%","Up to 60% Off Semi-Annual Price Break","","","https://www.retailmenot.com/"
"Saks Fifth Avenue OFF 5TH","20%","20%","0.0%","Extra 20% Off Your Order","","","https://www.retailmenot.com/"
"Foot Locker","15%","15%","0.0%","15% Off $75+ Online Only","","","https://www.retailmenot.com/"
"Samsung Electronics","$20","$20","0.0%","$20 Cash Back for Online Purchases of $399+","","","https://www.retailmenot.com/"
"Wine.com","10%","10%","0.0%","10% Off Your First Order","RetailMeNot Exclusive! Get 10% off your first order. New Customers Only","wine.com","https://www.retailmenot.com/"
"Things Remembered","15%","15%","0.0%","15% Off
Online & In Store!","Take 15% Off + Free Shipping, discount also applies to personalization. Some Exclusions Apply.","thingsremembered.com","https://www.retailmenot.com/"
"Papa John's","50%","50%","0.0%","50% Off Regular Menu Price Order","Get 50% off Regular Menu Price order","papajohns.com","https://www.retailmenot.com/"
"Bed Bath and Beyond","20%","20%","0.0%","20% Off One
Item In-Store","Get 20% Off One Item In-Store. Some Exclusions Apply. Expires on 05/31/2017.","bedbathandbeyond.com","https://www.retailmenot.com/"
"Michaels","50%","50%","0.0%","50% Off Any One Regular Priced Item","Get 50% Off Any One Regular Priced Item","michaels.com","https://www.retailmenot.com/"
"Hobby Lobby","40%","40%","0.0%","40% Off One Item at Regular Price","Super Savings, Super Selection! Get 40% Off One item at Regular Price. Limit One Coupon per customer per day.","hobbylobby.com","https://www.retailmenot.com/"
"Pizza Hut","50%","50%","0.0%","50% Off All Menu-Priced Pizzas Ordered Online","Get 50% off all menu-priced pizzas ordered online","pizzahut.com","https://www.retailmenot.com/"
"Macy's","30%","30%","0.0%","Up to an Extra 30% Off Select Regular, Sale & Clearance Items","Take an extra 30% off regular, sale & clearance Clothing, shoes & accessories; Extra 25% off regular, sale & clearance fine Jewelry, Watches & Home Items; Extra 10% off regular, sale & clearance Cosmetics/Fragrances, Electrics/Electronics, Furniture, Rugs/floor covering & Mattresses.","macys.com","https://www.retailmenot.com/"
"1800Flowers","20%","20%","0.0%","Save 20% off $49.99+","1800Flowers Code","1800flowers.com","https://www.retailmenot.com/"
"Michael Kors","25%","25%","0.0%","25% off Select Styles","Michael Kors Sale","michaelkors.com","https://www.retailmenot.com/"
"Travelocity","12%","12%","0.0%","12% Off $300 Select Hotel","Travelocity Code","travelocity.com","https://www.retailmenot.com/"
