brand,cashback,offer,details,url,date_time
"Old El Paso","$1.00","SAVE $1.00 ON TWO","when you buy TWO Old El Paso™ products (excludes Old El Paso™ seasoning, refrigerated, and produce products)","",2017-04-29 00:34:17
"Kellogg's® Cereals","$3.00","SAVE $3.00","On any FIVE Kellogg's® Cereals","",2017-04-29 00:34:18
"Clorox®","$1.00","SAVE $1.00","off any two Clorox® Clean-up® products, Disinfecting Wipes 34ct.+, Liquid Bleach 55oz.+, OR any Manual Toilet Bowl Cleaner","",2017-04-29 00:34:18
"all®","$1.50","SAVE $1.50","on any one (1) all® liquid detergent (94.5oz or larger)","",2017-04-29 00:34:18
"Scotch-Brite®","$1.00","SAVE $1.00","on TWO (2) Scotch-Brite® Scrub Sponge or Scrubbing Dish Cloth multi-packs.","",2017-04-29 00:34:18
"Colgate®","$1.50","SAVE $1.50","TWIN PACKS ONLY on any Colgate Total®, Colgate® Optic White®, Colgate® Enamel Health™ or Colgate® Sensitive Toothpaste","",2017-04-29 00:34:18
"VELVEETA","50¢","SAVE 50¢","on any ONE (1) VELVEETA Loaf or Mini Blocks","",2017-04-29 00:34:18
"Colgate®","$1.50","SAVE $1.50","On any Colgate® Mouthwash or Mouth Rinse (400 mL or larger)","",2017-04-29 00:34:19
"BOUNTY®","$1.00","$1.00 OFF","ONE Bounty® Paper Towels 6 ct or larger (excludes Basic and trial/travel size)","",2017-04-29 00:34:19
"Pine-Sol®","$0.75","SAVE $0.75","when you buy any one (1) Pine-Sol® multi-purpose cleaner, 40 oz or larger","",2017-04-29 00:34:19
"HUGGIES®","$2.00","GET $2.00 OFF","any ONE (1) package of HUGGIES® Diapers (Not valid on 9 ct. or less)","",2017-04-29 00:34:19
"ARM & HAMMER™","$1.00","SAVE $1.00","on ONE (1) ARM & HAMMER™ Liquid Laundry Detergent","",2017-04-29 00:34:20
"General Mills Fruit Snacks","50¢","SAVE 50¢ ON TWO","when you buy TWO BOXES any flavor/variety Betty Crocker™ Fruit Shapes, Fruit by the Foot™, Fruit Gushers™...","",2017-04-29 00:34:20
"CHARMIN®","$1.00","$1.00 OFF","ONE Charmin® Ultra Soft or Strong 6 Mega Roll, 9 Big Roll, 12 Double Roll or larger (excludes Essentials and trial/travel size)","",2017-04-29 00:34:20
"HUGGIES®","$0.50","GET $0.50 OFF","any ONE (1) package of HUGGIES® Wipes (56 ct. or higher)","",2017-04-29 00:34:20
"BOUNTY®","$1.00","$1.00 OFF","ONE Bounty® Basic Paper Towels 6 ct or larger (excludes trial/travel size)","",2017-04-29 00:34:20
"Palmolive®","$0.25","SAVE $0.25","On any Palmolive® Ultra Dish Liquid","",2017-04-29 00:34:20
"Hellmann's or Best Foods","$0.75","$0.75 OFF","Any ONE (1) Hellmann’s or Best Foods Vegan Sandwich Spread or Organic Mayonnaise (Available in Original and 3 flavors)","",2017-04-29 00:34:20
"Coppertone®","$1.00","SAVE $1.00","on any ONE (1) Coppertone® Product (excludes travel size, lip balm, and stick)","",2017-04-29 00:34:20
"CHARMIN®","$1.00","$1.00 OFF","ONE Charmin® Essentials Soft OR Essentials Strong 12 ct or larger (excludes trial/travel size)","",2017-04-29 00:34:21
"KLEENEX®","$0.75","SAVE $0.75","on any THREE (3) boxes/packs or ONE (1) BUNDLE PACK® of KLEENEX® Facial Tissue (50ct or larger)","",2017-04-29 00:34:21
"Suave","$1.00","$1.00 OFF","any ONE (1) Suave® Professionals Gold product (includes Suave Professionals® Styling products)","",2017-04-29 00:34:21
"Coppertone®","$3.00","SAVE $3.00","on any TWO (2) Coppertone® products (5 oz. or larger)","",2017-04-29 00:34:21
"Suave","$1.00","$1.00 OFF","any ONE (1) Suave® Professionals Silver or Green 28oz (includes Suave Professionals® Styling products)","",2017-04-29 00:34:21
"HUGGIES®","$1.50","GET $1.50 OFF","any ONE (1) package of HUGGIES® Wipes (336 ct. or higher)","",2017-04-29 00:34:21
"Yoplait","75¢","SAVE 75¢ ON TWO","when you buy TWO any flavor Yoplait® Go-GURT® Yogurt","",2017-04-29 00:34:22
"Glade®","$1.00","BUY 3 GET 1 FREE","Buy THREE (3) Glade® Room Sprays or Solid Air Fresheners, get ONE (1) FREE (Max Value: $1.00)","",2017-04-29 00:34:22
"LUVS®","$2.00","$2.00 OFF","ONE Luvs® Diapers (excludes trial/travel size)","",2017-04-29 00:34:22
"Yoplait","25¢","SAVE 25¢ ON ONE","when you buy ONE CUP any variety Yoplait® Custard Yogurt","",2017-04-29 00:34:22
"Revlon®","","BUY 1, GET 1 FREE","Buy ONE (1) Revlon® Colorsilk Hair Color, Get ONE (1) Revlon® ColorSilk Shampoo or Conditioner Free (of equal or lesser value)","",2017-04-29 00:34:22
"L'Oreal Paris","$16","SAVE UP TO $16","On L'Oreal Paris at Walmart","",2017-04-29 00:34:22
"Garnier® Nutrisse®","$4.00","$4.00 OFF","on any TWO (2) Garnier® Nutrisse® Hair Color Products","",2017-04-29 00:34:22
"KOTEX®","$1.00","SAVE $1.00","on any ONE (1) package of U by KOTEX® Ultra Thin Pads (not valid on trial size/travel packs)","",2017-04-29 00:34:23
"TUMS®","$1.50","SAVE $1.50","on any ONE (1) TUMS® Chewy Bites Product, 32 ct or larger","",2017-04-29 00:34:23
"Scrubbing Bubbles®","50¢","SAVE 50¢","on any ONE (1) Scrubbing Bubbles® Bathroom cleaning product","",2017-04-29 00:34:23
"Schick® Quattro for Women® Refill","$3.00","SAVE $3.00","on any ONE (1) Schick® Quattro for Women® Refill (excludes Schick® Men's Refill)","",2017-04-29 00:34:23
"VENUS®","$3.00","$3.00 OFF","ONE Venus® Original OR Embrace® Disposable Razor Pack 2ct or larger","",2017-04-29 00:34:23
"Glade®","$2.00","SAVE $2.00","on any THREE (3) Glade® products (excludes Glade® Solid Air Freshener and 8 oz. Room Spray)","",2017-04-29 00:34:23
"BUITONI®","$0.75","SAVE $0.75","when you buy ONE (1) BUITONI® Refrigerated Pasta, 9 oz. or Larger","",2017-04-29 00:34:23
"VENUS®","$3.00","$3.00 OFF","ONE Simply Venus® Disposable Razor Pack 4ct or larger","",2017-04-29 00:34:24
"PUFFS®","50¢","50¢ OFF","ONE Puffs® Facial Tissue product 72 sheets or larger OR Multipacks (excludes Puffs® To Go Packs and trial/travel size)","",2017-04-29 00:34:24
"Windex®","50¢","SAVE 50¢","on any ONE (1) Windex® product (excludes travel and trial sizes)","",2017-04-29 00:34:24
"PAMPERS®","$1.50","$1.50 OFF","ONE Pampers® Swaddlers Diapers (excludes trial/travel size)","",2017-04-29 00:34:24
"CREST®","50¢","50¢ OFF","ONE Crest® Complete Toothpaste 4oz or larger (excludes Cavity Protection, Tartar Protection, Baking Soda and trial/travel size)","",2017-04-29 00:34:24
"Cat Chow®","$1.05","SAVE $1.05","on one (1) 3.15lb or larger bag of Purina® Cat Chow® brand dry cat food, any variety","",2017-04-29 00:34:24
"PAMPERS®","$1.50","$1.50 OFF","ONE Pampers® Baby Dry Diapers (excludes trial/travel size)","",2017-04-29 00:34:25
"BOUNCE®","50¢","50¢ OFF","ONE Bounce® Product (excludes Bounce® sheets 25, 34 and 40 ct and trial/travel size)","",2017-04-29 00:34:25
"True Lemon","70¢","70¢ OFF","On any 1 True Lemon/True Lime Lemonade or Unsweetened product not including 5 or 12 cts","",2017-04-29 00:34:25
"Beneful®","$3.00","SAVE $3.00","on one (1) bag of Purina® Beneful® Grain Free Dry Dog Food","",2017-04-29 00:34:25
"Scrubbing Bubbles®","$1.00","SAVE $1.00","on any ONE (1) Scrubbing Bubbles® Toilet cleaning product","",2017-04-29 00:34:25
"Schwarzkopf","$2.00","$2.00 OFF","When You Buy One (1) Schwarzkopf® Gliss™ Hair Care Product","",2017-04-29 00:34:25
"Scrubbing Bubbles®","50¢","SAVE 50¢","on any ONE (1) Scrubbing Bubbles® All Purpose Cleaner with fantastik® product","",2017-04-29 00:34:25
"Yoplait","50¢","SAVE 50¢ ON ONE","when you buy ONE CUP any variety Yoplait® Dippers","",2017-04-29 00:34:26
"ARM & HAMMER™","$1.00","SAVE $1.00","on ONE (1) ARM & HAMMER™ Single-Dose Laundry Detergent","",2017-04-29 00:34:26
"CREST®","75¢","75¢ OFF","ONE Crest® Pro-Health™ Mouthwash 237ml or larger (excludes trial/travel size)","",2017-04-29 00:34:26
"PULL-UPS®","$2.00","GET $2.00 OFF","any ONE (1) PULL-UPS® Training Pants or GOODNITES® Bedtime Pants or Bed Mats (Not valid on 7 ct. or less)","",2017-04-29 00:34:26
"Meow Mix®","$0.55","SAVE $0.55","on any one (1) Meow Mix Irresistibles® Cat Treats (2.5oz or larger)","",2017-04-29 00:34:26
"Windex®","75¢","SAVE 75¢","on any ONE (1) Windex® Multi-Surface Product (excludes travel and trial sizes)","",2017-04-29 00:34:26
"ALWAYS®","$1.50","$1.50 OFF","TWO Always® Pads AND/OR Liners (30 ct or larger) (excludes trial/travel size)","",2017-04-29 00:34:26
"OFF!®","75¢","SAVE 75¢","on any ONE (1) OFF!® Product (excludes travel and trial sizes)","",2017-04-29 00:34:27
"Windex®","75¢","SAVE 75¢","on any ONE (1) Windex® Original Glass and Surface Wipes (excludes travel and trial sizes)","",2017-04-29 00:34:27
"L'Oreal Paris","$1.00","SAVE $1.00","on ANY ONE (1) L'Oreal Paris Hair Expert product or Advanced Hairstyle product (excludes 3 oz. trial size)","",2017-04-29 00:34:27
"L'Oreal Paris","$2.00","SAVE $2.00","on ANY ONE (1) L'Oreal Paris Eye product","",2017-04-29 00:34:27
"Glade®","$1.00","SAVE $1.00","on any TWO (2) Glade® products (excludes Glade® Solid Air Freshener and 8 oz. Room Spray)","",2017-04-29 00:34:27
"Barilla® ProteinPLUS®","$0.75","SAVE $0.75","on any TWO (2) Barilla® ProteinPLUS® Products","",2017-04-29 00:34:27
"CREST®","50¢","50¢ OFF","ONE Scope® Mouthwash 237ml or larger (excludes trial/travel size)","",2017-04-29 00:34:28
"Clorox® Bleach","$0.50","SAVE $0.50","on the purchase of ONE (1) Clorox® Bleach (Redeemable at Walmart)","",2017-04-29 00:34:28
"Scrubbing Bubbles®","$3.00","SAVE $3.00","on any ONE (1) Scrubbing Bubbles® Fresh Brush® Starter Kit and Caddy or any THREE (3) Fresh Brush® Refills","",2017-04-29 00:34:28
"TAMPAX®","$2.00","$2.00 OFF","TWO Tampax® Pearl Products (18 ct or larger) (excludes trial/travel size)","",2017-04-29 00:34:28
"Yoplait","$1.00","SAVE $1.00 ON ONE","when you buy any flavor Yoplait® Yogurt 8-Pack Fridge Pack","",2017-04-29 00:34:29
"OLAY® BODY","50¢","50¢ OFF","ONE Olay® Body Wash OR Bar Soap 4 ct or larger (excludes trial/travel size)","",2017-04-29 00:34:29
"PAMPERS®","$1.50","$1.50 OFF","ONE Pampers® Cruisers Diapers (excludes trial/travel size)","",2017-04-29 00:34:29
"Scrubbing Bubbles®","$4.00","BUY ONE GET ONE","Buy any ONE (1) Scrubbing Bubbles® Toilet Cleaning Gel, get ONE (1) Scrubbing Bubbles® Bath Product FREE (Max Value: $4.00)","",2017-04-29 00:34:29
"VENUS®","$3.00","$3.00 OFF","ONE Venus® Swirl™ OR Venus® & Olay® Razor (excludes disposables)","",2017-04-29 00:34:29
"PUFFS®","25¢","25¢ OFF","ONE Puffs® Facial Tissue product 64 sheets or smaller (excludes Puffs® To-Go 10 ct and trial/travel size)","",2017-04-29 00:34:29
"CREST®","50¢","50¢ OFF","ONE Crest® Pro-Health™ Toothpaste 3.5oz+ (excludes Cavity Protection, Tartar Protection, Baking Soda and trial/ travel size)","",2017-04-29 00:34:29
"CLASSICO","50¢","SAVE 50¢","on any ONE (1) CLASSICO™ Grated Parmesan Cheese","",2017-04-29 00:34:30
"Scrubbing Bubbles®","$2.00","SAVE $2.00","on any TWO (2) Scrubbing Bubbles® Toilet Cleaning Gel (excludes club pack)","",2017-04-29 00:34:30
"Cat Chow®","$2.05","SAVE $2.05","on one (1) 13lb or larger bag of Purina® Cat Chow® brand dry cat food, any variety","",2017-04-29 00:34:30
"Gerber®","1.00","SAVE 1.00","When you buy any FOUR (4) Gerber® 1st Foods, 2nd Foods, or 3rd Foods","",2017-04-29 00:34:30
"Amopé® Pedi Perfect®","$10.00","$10.00 OFF","on any ONE (1) Amopé® Pedi Perfect® Electronic Foot File","",2017-04-29 00:34:30
"M&Ms® Bottles","$0.50","SAVE $0.50","on ONE (1) M&Ms® Bottle","",2017-04-29 00:34:30
"HORMEL® Brand","$1.00","SAVE $1.00","on the purchase of any two (2) HORMEL® MARY KITCHEN® Hash products","",2017-04-29 00:34:30
"all®","$1.50","SAVE $1.50","off one (1) all® Liquid 184+oz. or Powercore 50ct. (Available at Walmart)","",2017-04-29 00:34:30
"TIDE®","$1.50","$1.50 OFF","ONE Tide® Rescue (excludes trial/travel size)","",2017-04-29 00:34:31
"BUITONI®","$2.00","SAVE $2.00","When you buy TWO (2) BUITONI® Refrigerated Pasta AND Sauce, any variety","",2017-04-29 00:34:31
"Amopé® Pedi Perfect®","$15.00","$15.00 OFF","on any ONE (1) Amopé® Pedi Perfect® Wet and Dry™ Rechargeable Foot File","",2017-04-29 00:34:31
"all® free clear","$1.00","SAVE $1.00","on any ONE (1) all® free clear liquid (141oz) or all® mighty pacs® (67ct) (Available at Walmart)","",2017-04-29 00:34:31
"Schick Hydro Silk® Razor","$3.00","SAVE $3.00","on any ONE (1) Schick Hydro Silk® Razor or TrimStyle (excludes Schick® Disposables and Men’s Razor)","",2017-04-29 00:34:32
"Food Should Taste Good","50¢","SAVE 50¢ ON ONE","when you buy ONE any flavor/variety 4 OZ OR LARGER Food Should Taste Good™ Tortilla Chips, Kettle Chips...","",2017-04-29 00:34:32
"Allegra® Allergy","$5.00","SAVE $5.00","on any ONE (1) Allegra® Allergy 24Hr 24ct or larger","",2017-04-29 00:34:32
"L'Oreal Paris","$2.00","SAVE $2.00","on ANY ONE (1) L'Oreal Paris Superior Preference or Excellence hair color product","",2017-04-29 00:34:32
"Tyson®","$1.00","SAVE $1.00","on any ONE (1) Premium Selects Chicken (Available at Walmart)","",2017-04-29 00:34:32
"VENUS®","$3.00","$3.00 OFF","ONE Daisy® Disposable Razor Pack 4ct or larger","",2017-04-29 00:34:32
"Phillips'®","$4.00","SAVE $4.00","on any ONE (1) Phillips® Colon Health® product (24ct or larger)","",2017-04-29 00:34:32
"ALWAYS®","75¢","75¢ OFF","ONE Always® Liners 30 ct or larger (excludes trial/travel size)","",2017-04-29 00:34:33
"TAMPAX®","75¢","75¢ OFF","ONE Tampax® Pearl Product 18 ct or larger (excludes trial/travel size)","",2017-04-29 00:34:33
"Right Guard®","$3.50","BUY ONE, GET ONE","Save $3.50 off TWO (2) Right Guard® Xtreme™ Antiperspirants (excluding Right Guard® Sport)","",2017-04-29 00:34:33
"GILLETTE®","$3.00","$3.00 OFF","ONE Gillette® System Razor (excludes trial/travel size)","",2017-04-29 00:34:33
"Allegra® Allergy","$3.00","SAVE $3.00","on any ONE (1) Allegra Allergy 5ct, 8ct or 15ct","",2017-04-29 00:34:33
"BOUNTY®","25¢","25¢ OFF","ONE Bounty® Napkins (excludes trial/travel size)","",2017-04-29 00:34:33
"CREST®","50¢","50¢ OFF","ONE Crest® Pro-Health™ Stages™ OR Crest® Kids Toothpaste 4.2oz or larger (excludes trial/travel size)","",2017-04-29 00:34:33
"SECRET®","$1.50","$1.50 OFF","ONE Secret® Clinical Antiperspirant/Deodorant (excludes trial/travel size)","",2017-04-29 00:34:33
"Newman’s Own®","$1.00","SAVE $1.00","On any ONE Newman’s Own® Salad Dressing","",2017-04-29 00:34:34
"Buddy Fruits®","$0.50","SAVE $0.50","Buy Any 4 Buddy Fruits® 3.2 oz. Pouches, Save $0.50 on Bananas","",2017-04-29 00:34:34
"ALWAYS®","$1.00","$1.00 OFF","ONE Always® Radiant Pantiliners 48 ct or larger (excludes trial/travel size)","",2017-04-29 00:34:34
"CASCADE®","50¢","50¢ OFF","ONE Cascade® Platinum Dish Detergent 30 ct or larger (excludes trial/travel size)","",2017-04-29 00:34:34
"ALWAYS®","75¢","75¢ OFF","ONE Always® Radiant Pad (excludes trial/travel size)","",2017-04-29 00:34:34
"PAMPERS®","$1.50","$1.50 OFF","ONE Pampers® Easy Ups Training Underwear (excludes trial/travel size)","",2017-04-29 00:34:34
"SHEBA® PERFECT PORTIONS™","$1.00","SAVE $1.00","on any THREE (3) SHEBA® PERFECT PORTIONS™ Premium Cat Food","",2017-04-29 00:34:34
"Glade®","$1.50","SAVE $1.50","on any ONE (1) Glade® Atmosphere Collection","",2017-04-29 00:34:35
"Quilted Northern Ultra Soft & Strong®","$1.50","SAVE $1.50","off any ONE (1) package of Quilted Northern Ultra Soft & Strong®, 9 Mega Roll or 18 Mega Roll (Available at Walmart)","",2017-04-29 00:34:35
"Clorox Scentiva™","$0.75","SAVE $0.75","On any ONE (1) Clorox Scentiva™ Wipe or Spray Item (Redeemable at Walmart)","",2017-04-29 00:34:35
"Windex®","$2.00","SAVE $2.00","on any ONE (1) Windex® Outdoor Glass, Patio, and More! Product (excludes travel and trial sizes)","",2017-04-29 00:34:35
"RESOLVE®","$0.75","$0.75 OFF","ONE (1) Resolve Trigger or Foam","",2017-04-29 00:34:35
"VENUS®","75¢","75¢ OFF","ONE Venus® Shave Gel 6oz or larger","",2017-04-29 00:34:35
"GILLETTE®","50¢","50¢ OFF","ONE Gillette® Shave Gel (excludes trial/travel size)","",2017-04-29 00:34:35
"VENUS®","50¢","50¢ OFF","ONE Satin Care® Shave Gel 7oz or larger","",2017-04-29 00:34:35
"ORAL-B®","50¢","50¢ OFF","ONE Crest® Kids, Oral-B® Kids, Oral-B® Pro-Health JR™ OR Oral-B® Pro-Health™ Stages™ Toothbrush (excludes trial/travel size)","",2017-04-29 00:34:36
"Quilted Northern Ultra Soft & Strong®","$1.50","SAVE $1.50","off any ONE (1) package of Quilted Northern Ultra Soft & Strong®, 24 Double Roll (Available at Walmart)","",2017-04-29 00:34:36
"Newman's Own® Organics","$1.00","SAVE $1.00","on any ONE Newman's Own® Organics Salad Dressing","",2017-04-29 00:34:36
"Bella™ Small Dog Food","$0.85","BUY 1, GET 1 FREE","Buy one (1) 3.5oz tray of Purina® Bella™ Porterhouse Steak Flavor in Savory Juices dog food, get one (1) FREE (up to $0.85)","",2017-04-29 00:34:36
"ORAL-B®","50¢","50¢ OFF","ONE Oral-B® Adult Indicator OR Cavity Defense Toothbrush (excludes Healthy Clean and trial/travel size)","",2017-04-29 00:34:36
"VENUS®","$4.00","$4.00 OFF","TWO Venus® OR Daisy® Disposable Razor Packs 2ct or larger (excludes Daisy® 2ct)","",2017-04-29 00:34:36
"Suave®","$1.00","$1.00 OFF","any ONE (1) Suave Professionals® Avocado & Olive Oil, Bamboo + Aloe Hair product or Luxe Infusions Styling Product","",2017-04-29 00:34:37
"Gerber®","1.00","SAVE 1.00","When you purchase any SIX (6) Gerber® Grabbers™ or Organic Pouches","",2017-04-29 00:34:37
"L'Oreal Paris","$3.00","SAVE $3.00","on ANY ONE (1) L'Oreal Paris Infallible Pro-Last 2-Step Lip product","",2017-04-29 00:34:37
"ORAL-B®","50¢","50¢ OFF","ONE Oral-B® Glide Floss 35M+ OR Oral-B® Glide Floss Picks 30ct+ (excludes trial/travel size)","",2017-04-29 00:34:37
"TIDE®","$1.00","$1.00 OFF","ONE Tide® Washing Machine Cleaner (excludes trial/travel size)","",2017-04-29 00:34:37
"Hallmark","$1.00","SAVE $1.00","On Any TWO (2) Hallmark Cards (Minimum $1 Purchase Required) (Available at Walmart)","",2017-04-29 00:34:37
"IVORY®","25¢","25¢ OFF","ONE Ivory® Body Wash OR ONE Bar Soap 3 ct or larger (excludes trial/travel size)","",2017-04-29 00:34:38
"L'Oreal Paris","$2.00","SAVE $2.00","on ANY ONE (1) L’Oreal Paris EVER shampoo or conditioner product","",2017-04-29 00:34:38
"ALWAYS®","50¢","50¢ OFF","ONE Always® Pad (excludes trial/travel size)","",2017-04-29 00:34:38
"Sears","","SPRING BLACK FRIDAY","Discounts from Lawn & Garden, Tools, Outdoor and More.","",2017-04-29 00:34:38
"Ralph Lauren","40%","NOW EXTENDED! UP TO 40% OFF + EXTRA 15% OFF ALL SALE STYLES","Click through for code","",2017-04-29 00:34:39
"Intermix","","FREE SHIPPING ON FULL PRICED STYLES","Click through for code","",2017-04-29 00:34:39
"Biotrue® Solution","","TAKE THE BIOTRUE CHALLENGE","Get your special offer and feel the difference","",2017-04-29 00:34:39
"Newegg","10%","10% OFF OR MORE W/ TODAY'S NEWEGG PROMO CODES","Shop Today!","",2017-04-29 00:34:39
"Free Prescription Discount","13.00","*13.00 OFF!","Your prescriptions at most pharmacies","",2017-04-29 00:34:39
"BOOST®","$3.00","SAVE $3.00","on any TWO (2) multipacks of BOOST® Nutritional Drinks","",2017-04-29 00:34:39
"Fancy Feast®","$1.00","SAVE $1.00","on one (1) package of Purina® Fancy Feast® Cat Treats, any variety","",2017-04-29 00:34:39
"CREST®","50¢","50¢ OFF","ONE Crest® 3DWhite™ Toothpaste 3.5oz+ (excludes Cavity Protection, Tartar Protection, Baking Soda and trial/ travel size)","",2017-04-29 00:34:40
"TIDE®","65¢","65¢ OFF","ONE Tide® To Go Stain Remover Pen (excludes trial/travel size)","",2017-04-29 00:34:40
"TAMPAX®","75¢","75¢ OFF","ONE Tampax® Radiant Tampon Product 16 ct or larger (excludes trial/travel size)","",2017-04-29 00:34:40
"CASCADE®","50¢","50¢ OFF","ONE Cascade® Dishwasher Cleaner (excludes trial/travel size)","",2017-04-29 00:34:40
"Carr’s®","$1.00","SAVE $1.00","on any ONE Carr’s® Crackers","",2017-04-29 00:34:40
"Scoop Away®","$1.00","SAVE $1.00","on any ONE (1) Scoop Away® Cat Litter, any variety and size","",2017-04-29 00:34:40
"ALWAYS®","75¢","75¢ OFF","ONE Always® Infinity Pad (excludes trial/travel size)","",2017-04-29 00:34:41
"WOOLITE®","$1.00","$1.00 OFF","any ONE (1) WOOLITE® Detergent (50oz. or larger)","",2017-04-29 00:34:41
"Giovanni 2chic","$2.00","SAVE $2.00","on any ONE (1) Giovanni 2chic Hair Care Product (excluding 1.5oz & 2oz Travel & 24oz Value Size Items)","",2017-04-29 00:34:41
"L'Oreal Paris","$2.00","SAVE $2.00","on ANY ONE (1) L'Oreal Paris Skin Care product (excludes trial size)","",2017-04-29 00:34:41
"Juicy Juice® Splashers®","$1.00","SAVE $1.00","on any ONE (1) carton of Juicy Juice® Splashers® (Available at Walmart)","",2017-04-29 00:34:41
"V&V Supremo®","$1.00","SAVE $1.00","on any ONE (1) V&V Supremo® Shredded Cheese (7.06 oz.)","",2017-04-29 00:34:41
"PURELL™","$0.75","SAVE $0.75","off ONE 12 oz bottle of PURELL™ Soap or ONE 8oz bottle Hand Sanitizer or larger","",2017-04-29 00:34:41
"HORMEL® Brand","$0.50","SAVE $0.50","on the purchase of any one (1) HORMEL® REV® product","",2017-04-29 00:34:42
"Carol's Daughter","$3.00","$3.00 OFF","on any ONE (1) Carol’s Daughter Haircare Product (Excludes all 2.0oz trial sizes)","",2017-04-29 00:34:42
"HUGGIES®","$1.50","GET $1.50 OFF","any ONE (1) package of HUGGIES® LITTLE SWIMMERS® Disposable Swimpants (10 ct. or larger)","",2017-04-29 00:34:42
"Excedrin","$3.00","SAVE $3.00","on any one (1) 200ct.+ Excedrin® products","",2017-04-29 00:34:42
"ORAL-B®","50¢","50¢ OFF","ONE Oral-B® Adult Pro-Health™ Toothbrush (excludes Healthy Clean and trial/travel size)","",2017-04-29 00:34:42
"alli","$5.00","$5.00 OFF","on ONE (1) alli® 120ct Refill Pack","",2017-04-29 00:34:42
"PAMPERS®","$1.50","$1.50 OFF","ONE Pampers® Splashers Swim Diapers (excludes trial/travel size)","",2017-04-29 00:34:43
"Purina® Pro Plan®","$5.00","SAVE $5.00","on one (1) bag of Purina® Pro Plan® brand dry Cat Food, any size, any variety. Available only at Pet Specialty Retailers","",2017-04-29 00:34:43
"L'Oreal Paris","$2.00","SAVE $2.00","on ANY ONE (1) L'Oreal Paris Cosmetic Face product (excluding Magic Perfecting Base 0.17 FL oz. mini size)","",2017-04-29 00:34:43
"CREST®","75¢","75¢ OFF","ONE Crest® 3D Whitening Mouthwash 237ml or larger (excludes trial/travel size)","",2017-04-29 00:34:43
"ARM & HAMMER™","$1.00","SAVE $1.00","on ONE (1) ARM & HAMMER™ In-Wash Freshness Booster","",2017-04-29 00:34:43
"ORAL-B®","50¢","50¢ OFF","ONE Oral-B® Adult 3DWhite™ Toothbrush (excludes Healthy Clean and trial/travel size)","",2017-04-29 00:34:43
"VICKS®","$1.00","$1.00 OFF","ONE Vicks® VapoRub™ 1.76oz (50g) or 3.53oz (100g) (excludes trial/travel size)","",2017-04-29 00:34:43
"Cascadian Farm","$1.00","SAVE $1.00 ON TWO","when you buy TWO PACKAGES any flavor/variety Cascadian Farm™ Cereal or Granola","",2017-04-29 00:34:44
"CASCADE®","50¢","50¢ OFF","ONE Cascade® Rinse Aid Product (excludes trial/travel size)","",2017-04-29 00:34:44
"FLONASE®","$4.00","SAVE $4.00","on any FLONASE® 120ct spray or larger","",2017-04-29 00:34:44
"Fresh Step®","$1.50","SAVE $1.50","on any ONE (1) Fresh Step® Lightweight Clumping Litter","",2017-04-29 00:34:44
"Hidden Valley® Simply Ranch","75¢","SAVE 75¢","on the purchase of ONE (1) Hidden Valley® Simply Ranch dressing (Redeemable at Walmart)","",2017-04-29 00:34:44
"OLAY® BODY","50¢","50¢ OFF","ONE Olay® Hand & Body Lotion (excludes In-Shower Body Lotion and trial/travel size)","",2017-04-29 00:34:44
"OLAY®, OLD SPICE® & IVORY®","$2.00","$2.00 OFF","ONE Olay®, Ivory® or Old Spice® DUO DUAL-SIDED BODY CLEANSER (excludes trial/travel size)","",2017-04-29 00:34:44
"Claritin®","$3.00","SAVE $3.00","on any Non Drowsy Children's Claritin® Syrup (4oz or larger)","",2017-04-29 00:34:44
"Claritin®","$4.00","SAVE $4.00","on any Non Drowsy Claritin® Allergy Product (30ct or larger)","",2017-04-29 00:34:45
"FLONASE®","$2.00","SAVE $2.00","on 60 Spray FLONASE® or Children’s FLONASE® or larger","",2017-04-29 00:34:45
"LYSOL®","$0.75","$0.75 OFF","any ONE (1) Lysol® Automatic Toilet Bowl Cleaner (Available at Walmart)","",2017-04-29 00:34:45
"Claritin®","$2.00","SAVE $2.00","on Non Drowsy Claritin® Reditabs® (10ct)","",2017-04-29 00:34:45
"ALWAYS®","50¢","50¢ OFF","ONE Always® Wipes (excludes trial/travel size)","",2017-04-29 00:34:45
"Annie's","50¢","SAVE 50¢ ON ONE","when you buy ONE PACKAGE of any Annie's™ Organic Yogurt","",2017-04-29 00:34:45
"PediaSure®","$2.00","SAVE $2.00","on any TWO (2) PediaSure® products","",2017-04-29 00:34:45
"Earth Balance","$1.00","SAVE $1.00","on any ONE (1) Earth Balance® Product (Available at Walmart)","",2017-04-29 00:34:46
"Annie's","50¢","SAVE 50¢ ON ONE","when you buy ONE CARTON of any Annie's™ Organic Soup","",2017-04-29 00:34:46
"CREST®","$2.00","$2.00 OFF","ONE Crest® Pro-Health™ [HD] OR 3DWhite™ Brilliance 2-Step System (excludes trial/travel size)","",2017-04-29 00:34:46
"Zantac®","$5.00","SAVE $5.00","on any ONE (1) Zantac® 50ct+ or DUO Fusion™ 55ct product (Redeemable at CVS)","",2017-04-29 00:34:46
"FIXODENT®","$1.00","$1.00 OFF","ONE Fixodent® Adhesive 2oz or larger (excludes trial/travel size)","",2017-04-29 00:34:46
"Amopé GelActiv™","$5.00","$5.00 OFF","any ONE (1) Amopé GelActiv™ Insole","",2017-04-29 00:34:46
"V&V Supremo®","$2.00","SAVE $2.00","on ONE (1) V&V Supremo® Shredded Chihuahua® Quesadilla Cheese (2 lb.)","",2017-04-29 00:34:47
"Claritin®","$4.00","SAVE $4.00","on any Non Drowsy Children's Claritin® Chewables Allergy Product (20ct or larger)","",2017-04-29 00:34:47
"Friskies®","$2.00","SAVE $2.00","on any one (1) 20 oz canister of Friskies® Party Mix Cat Treats","",2017-04-29 00:34:47
"HORMEL Brand","$3.00","SAVE $3.00","on the purchase of any one (1) HORMEL GATHERINGS™ Party Tray 20 oz. or larger","",2017-04-29 00:34:47
"PEPTO-BISMOL™","50¢","50¢ OFF","ONE Pepto-Bismol™ Liquid Product (excludes trial/travel size)","",2017-04-29 00:34:47
"Seeds of Change®","$1.50","SAVE $1.50","on any TWO (2) Seeds of Change® Certified Organic Food Products","",2017-04-29 00:34:47
"Liberté","30¢","SAVE 30¢ ON ONE","when you buy ONE CUP any flavor Liberté® yogurt","",2017-04-29 00:34:47
"L'Oreal Paris","$2.00","SAVE $2.00","on ANY ONE (1) L'Oreal Paris EVER hair care treatment product","",2017-04-29 00:34:47
"Claritin® Liqui-Gels®","$4.00","SAVE $4.00","on Non-Drowsy Claritin® Liqui-Gels® (30ct or larger)","",2017-04-29 00:34:47
"PediaSure®","$3.00","SAVE $3.00","on any THREE (3) PediaSure® products","",2017-04-29 00:34:47
"CREST®","$2.00","$2.00 OFF","ONE Crest® 3DWhite™ Glamorous White, 1 Hour Express, Professional Effects OR Supreme Flexfit Whitestrips™ (excludes trial/travel","",2017-04-29 00:34:48
"Allegra-D® Allergy & Congestion","$3.00","SAVE $3.00","on any ONE (1) Allegra-D® Allergy & Congestion product","",2017-04-29 00:34:48
"VICKS®","$1.00","$1.00 OFF","ONE Vicks® VapoInhaler (excludes trial/travel size)","",2017-04-29 00:34:48
"Schwarzkopf","$7.00","$7.00 OFF","When You Buy Any Two (2) Schwarzkopf® color Ultime® or Keratin Color Hair Coloration Products","",2017-04-29 00:34:48
"VICKS®","$1.00","$1.00 OFF","ONE Vicks® NyQuil™ Product (excludes VapoDrops®, QlearQuil™, ZzzQuil™ and trial/travel size)","",2017-04-29 00:34:48
"HORMEL® Brand","$1.00","SAVE $1.00","on the purchase of any one (1) HORMEL® Taco Meats product","",2017-04-29 00:34:48
"Muse® Cat Food","$4.00","SAVE $4.00","on one (1) bag of Muse® Natural Dry Cat Food, 4 lb or larger, any variety. Redeemable only at Pet Specialty Stores.","",2017-04-29 00:34:48
"Starbucks VIA®","$1.00","SAVE $1.00","off any ONE (1) Starbucks VIA® Instant Refreshers™ beverage (5ct. or larger)","",2017-04-29 00:34:48
"Claritin-D®","$4.00","SAVE $4.00","on any Non-Drowsy Claritin-D® Allergy Product (15ct or larger)","",2017-04-29 00:34:49
"KIWI®","$2.00","SAVE $2.00","on any ONE (1) KIWI® Cleaners Product","",2017-04-29 00:34:49
"HORMEL™ NATURAL CHOICE™ Brand","$1.00","SAVE $1.00","on the purchase of any one (1) HORMEL™ NATURAL CHOICE™ Snack","",2017-04-29 00:34:49
"Starbucks VIA®","$1.00","SAVE $1.00","off any ONE (1) Starbucks VIA® Instant Latte (4ct. or larger)","",2017-04-29 00:34:49
"VICKS®","$1.00","$1.00 OFF","ONE ZzzQuil™ Product (excludes trial/travel size)","",2017-04-29 00:34:49
"Starbucks VIA®","$2.25","SAVE $2.25","off any TWO (2) Starbucks VIA® Instant Coffees (4 ct. or higher)","",2017-04-29 00:34:49
"Starbucks VIA®","$1.00","SAVE $1.00","off any ONE (1) Starbucks VIA® Instant Iced Coffee (5ct. or larger)","",2017-04-29 00:34:49
"Starbucks VIA®","$3.75","SAVE $3.75","off any THREE (3) Starbucks VIA® Instant Coffees (4 ct. or higher)","",2017-04-29 00:34:49
"KIWI®","$2.00","SAVE $2.00","on any ONE (1) KIWI® Express Shine™ Product (Sponge and Wipes)","",2017-04-29 00:34:50
"revv® Coffee K-Cup® Pods","$1.50","SAVE $1.50","On any (1) revv® Coffee K-Cup® Pod (16 count)","",2017-04-29 00:34:50
"VICKS®","$1.00","$1.00 OFF","ONE Vicks® DayQuil™ Product (excludes VapoDrops®, QlearQuil™, ZzzQuil™ and trial/travel size)","",2017-04-29 00:34:50
"PEPTO-BISMOL™","$1.00","$1.00 OFF","TWO Pepto-Bismol™ Products (excludes trial/travel size)","",2017-04-29 00:34:50
"Starbucks VIA®","$1.00","SAVE $1.00","off any ONE (1) Starbucks VIA® Instant Black Coffee (5ct. or larger)","",2017-04-29 00:34:50
"Amopé GelActiv™","$3.50","$3.50 OFF","any ONE (1) Amopé GelActiv™ Insert","",2017-04-29 00:34:50
"Rachael Ray™ Nutrish®","$4.00","SAVE $4.00","on any ONE (1) 4 lb. bag or larger of Rachael Ray™ Nutrish® PEAK Dry Dog Food (Available at Walmart)","",2017-04-29 00:34:50
"PEPTO-BISMOL™","50¢","50¢ OFF","ONE Pepto-Bismol™ To Go Product (excludes trial/travel size)","",2017-04-29 00:34:50
"Valvoline™","$8.00","SAVE $8.00","on TWO five quart jugs of Valvoline™ MaxLife™ or SynPower Motor Oil (Available at Walmart)","",2017-04-29 00:34:51
"Culturelle® Kids","$5.00","SAVE $5.00","on any one (1) Culturelle® Kids product","",2017-04-29 00:34:51
"METAMUCIL®","$2.00","$2.00 OFF","ONE Meta Product (excludes Meta Health Bar 1ct size)","",2017-04-29 00:34:51
"Enfamil","$5.00","SAVE $5.00","On Purchase of Any TWO (2) Enfamil Infant Formula Tubs (20.4 oz. - 22.5 oz.) (Available at Walmart)","",2017-04-29 00:34:51
"Schwarzkopf","$3.00","$3.00 OFF","When You Buy One (1) Schwarzkopf® Color Ultime® or Keratin Color Hair Color Product","",2017-04-29 00:34:51
"Scoop Away®","$2.00","SAVE $2.00","on any ONE (1) Scoop Away® Clumping Litter, 34lbs or 38lbs only","",2017-04-29 00:34:51
"Florastor","$4.00","SAVE $4.00","one Florastor 20, 30 count, FlorastorMax, or FlorastorKids 20, 30 count","",2017-04-29 00:34:51
"Little Remedies®","$4.00","SAVE $4.00","on any one (1) Little Remedies® New Baby Essentials Kit (Available at Walmart)","",2017-04-29 00:34:52
"AquaBall™","$0.40","SAVE $0.40","when you buy any SINGLE (1) bottle of AquaBall™ Naturally Flavored Water Drink (10 oz)","",2017-04-29 00:34:52
"Go & Grow by Similac®","$4.00","$4.00 OFF","any (1) Go & Grow by Similac® Toddler Drink (24oz or larger)","",2017-04-29 00:34:52
"Playtex® Sport® Compact Tampons","$1.00","SAVE $1.00","on any ONE (1) Playtex® Sport® Compact Tampons (Available at Walmart)","",2017-04-29 00:34:52
"FoodSaver® Bags","$3.00","$3.00 OFF","On any one (1) FoodSaver® Vacuum Seal Bag or Roll with a retail value of $8.00 or more","",2017-04-29 00:34:52
"Muse® Cat Food","$1.69","BUY 3, GET 1 FREE","Buy (3) 2.1 oz. tubs or 3 oz cans of Muse® Wet Cat Food, get (1) FREE (up to $1.69). Redeemable only at Pet Specialty Stores.","",2017-04-29 00:34:52
"PRILOSEC OTC®","$2.00","$2.00 OFF","ONE Prilosec OTC® Product (excludes trial/travel size)","",2017-04-29 00:34:52
"PEPTO-BISMOL™","50¢","50¢ OFF","ONE Pepto-Bismol™ Caplets Product (excludes trial/travel size)","",2017-04-29 00:34:52
"AquaBall™","$1.50","SAVE $1.50","on any ONE (1) 6-pack of AquaBall™ Naturally Flavored Water drink","",2017-04-29 00:34:53
"ClariSpray®","$5.00","SAVE $5.00","on any ClariSpray® Nasal Allergy Spray","",2017-04-29 00:34:53
"L'Oreal Paris","$1.00","SAVE $1.00","on ANY ONE (1) L'Oreal Paris Colorista hair color product","",2017-04-29 00:34:53
"McCafé®","$1.00","SAVE $1.00","on any ONE (1) McCafé® Coffee Canister (Redeemable at Walmart)","",2017-04-29 00:34:53
"ProNourish™ Drink","$2.00","SAVE $2.00","on any ONE (1) multipack of ProNourish™ Drink","",2017-04-29 00:34:53
"Albolene","$5.00","SAVE $5.00","on one (1) bottle of Albolene Eye Makeup Remover (Redeemable at Walgreens)","",2017-04-29 00:34:53
"CLEARBLUE®","$1.00","$1.00 OFF","ONE Clearblue® Digital Pregnancy Test with Smart Countdown","",2017-04-29 00:34:53
"Balmex® Complete Protection","$2.00","$2.00 OFF","on ONE (1) Balmex® Complete Protection Diaper Rash Cream Product 16oz, 4oz or 3.5oz","",2017-04-29 00:34:54
"EVOL®","$1.00","SAVE $1.00","on any ONE (1) EVOL® Single Serve Meal (Available at Walmart)","",2017-04-29 00:34:54
"Udi's Gluten Free","$1.00","SAVE $1.00","on any ONE (1) Udi's® Gluten Free Product (Available at Walmart)","",2017-04-29 00:34:54
"FLONASE® Sensimist™","$3.00","SAVE $3.00","on any FLONASE® Sensimist™ 60ct or larger","",2017-04-29 00:34:54
"FLONASE® Sensimist™","$5.00","SAVE $5.00","on 120 Spray FLONASE® Sensimist™","",2017-04-29 00:34:54
"PEPTO-BISMOL™","50¢","50¢ OFF","ONE Pepto-Bismol™ Children's Product (excludes trial/travel size)","",2017-04-29 00:34:54
"METAMUCIL®","$2.00","$2.00 OFF","ONE Meta Appetite Control Product (excludes trial/travel size)","",2017-04-29 00:34:54
"VICKS®","$1.00","$1.00 OFF","ONE Vicks® Sinex™ LiquiCaps Product (excludes trial/travel size)","",2017-04-29 00:34:55
"VICKS®","$1.00","$1.00 OFF","ONE Vicks® Sinex™ Nasal Spray Product (excludes trial/travel size)","",2017-04-29 00:34:55
"Certain Dri®","$2.00","SAVE $2.00","On any one Certain Dri Product","",2017-04-29 00:34:55
"Renew Life®","$3.00","SAVE $3.00","off any ONE (1) Renew Life® Ultimate Flora™ Probiotic (30 count or higher)","",2017-04-29 00:34:55
"FoodSaver® Appliances","$10.00","$10.00 OFF","On any one (1) FoodSaver® Food Preservation System with a retail value of $69 or more","",2017-04-29 00:34:55
"ALIGN®","$3.00","$3.00 OFF","ONE Align® Product 28ct or larger (excludes trial/travel size)","",2017-04-29 00:34:55
"alli","$5.00","$5.00 OFF","on ONE (1) alli® 60Ct Starter Pack","",2017-04-29 00:34:56
"ALIGN®","$3.00","$3.00 OFF","ONE Align® Adult Chewables Product (excludes trial/travel size)","",2017-04-29 00:34:56
"STOPAIN®","$3.00","SAVE $3.00","on any ONE (1) Stopain® Product","",2017-04-29 00:34:56
"JointFlex","$3.00","$3.00 OFF","On One 4.0 oz. tube of JointFlex Pain Relieving Cream","",2017-04-29 00:34:56
"ALIGN®","$1.50","$1.50 OFF","ONE Align® Product 14ct (excludes trial/travel size)","",2017-04-29 00:34:56
"Cosequin® for Dogs","$2.50","SAVE $2.50","on any Cosequin® Joint Health Supplement for Dogs","",2017-04-29 00:34:56
"ALIGN®","$3.00","$3.00 OFF","ONE Align Jr. Product (excludes trial/travel size)","",2017-04-29 00:34:56
"Florastor","$6","SAVE $6","on one Florastor® 50 capsule box","",2017-04-29 00:34:57
"Vanquish","$3.00","$3.00 OFF","On any size of Vanquish caplets (100 or 120 count)","",2017-04-29 00:34:57
"Rachael Ray™ Nutrish®","","BUY 3 GET 1 FREE","Buy any THREE (3) tubs of Rachael Ray™ Nutrish® Wet Cat Food and get ONE (1) free (Available at Walmart)","",2017-04-29 00:34:57
"MOTRIN®","$1.00","SAVE $1.00","on any ONE (1) MOTRIN® or Children’s MOTRIN® product","",2017-04-29 00:34:57
"Advecta™","$2.00","SAVE $2.00","on any ONE (1) Advecta Product","",2017-04-29 00:34:57
"Dynamiclear™","$3.50","SAVE $3.50","on ONE (1) Dynamiclear™ Cold Sore Treatment","",2017-04-29 00:34:57
"FreeStyle Precision Neo blood glucose meter","$5.00","$5.00 OFF","when you purchase ONE (1) FreeStyle Precision Neo meter (no prescription required)","",2017-04-29 00:34:57
"Mucinex","$4","SAVE $4","on TWO (2) Mucinex® products 28ct or larger (Available at CVS)","",2017-04-29 00:34:57
"EVOL®","$2.00","SAVE $2.00","on Any ONE (1) EVOL® Multi Serve Meal (Available at Walmart)","",2017-04-29 00:34:58
"ZONNIC","$2.00","SAVE $2.00","Off any ONE (1) ZONNIC® Nicotine Gum or Mini Lozenge","",2017-04-29 00:34:58
"TABASCO®","$1.00","SAVE $1.00","on ONE (1) any size, any flavor TABASCO® Family of Flavors® and TWO (2) Avocados from Mexico","",2017-04-29 00:34:58
"Albolene","$5.00","SAVE $5.00","on one (1) bottle of Albolene Eye Makeup Remover (Redeemable at CVS)","",2017-04-29 00:34:58
"Scrubbing Bubbles and Windex","$10","SAVE UP TO $10","Click to save on your favorite Windex® and Scrubbing Bubbles® products.","",2017-04-29 00:34:58
"revv® Coffee K-Cup® Pods","$1.50","SAVE $1.50","Save $1.50 on any (1) revv® Coffee K-Cup® Pods (16 count). Available at Walmart.","",2017-04-29 00:34:58
"Lysol®","$0.75","CLICK AND SAVE","Click and Save $0.75 OFF any ONE (1) Lysol Automatic Toilet Bowl Cleaner","",2017-04-29 00:34:59
"New Ad Savings","","DOLLAR GENERAL","Combine Digital Coupons With Weekly Ad Prices For Even More Savings!","",2017-04-29 00:34:59
"Scrubbing Bubbles®","$14","SAVE UP TO $14","Click to save on your favorite Scrubbing Bubbles® Products.","",2017-04-29 00:34:59
"Tampax®","$8","SAVE UP TO $8","Click to save on Tampax® Pocket Pearl, Tampax® Pearl, Tampax® Radiant, Always® Wipes, Liner and Pads.","",2017-04-29 00:34:59
"Kate Spade","25%","ENJOY AN EXTRA 25% OFF SALE STYLES","Click through for code","",2017-04-29 00:34:59
"Tampax®","$8","SAVE OVER $8","Click to save on Tampax® Pocket Pearl, Tampax® Pearl, Tampax® Radiant, Venus® Razors and Gel.","",2017-04-29 00:34:59
"Amope","$25","CLICK AND SAVE","Summer ready feet after just 1 use. The Perfect Mother's Day gift. Save up to $25!","",2017-04-29 00:34:59
"Cash Back Dining","7%","GET 7% CASH BACK AT RESTAURANTS NEAR YOU","","",2017-04-29 00:34:59
"Clinique","$28","7-PIECE GIFT WITH ANY $28+ PURCHASE","Click through for code","",2017-04-29 00:35:00
"Flonase® Allergy Relief","$10.75","SAVE UP TO $10.75","On participating essentials Flonase® Allergy Relief, Clorox®, and Pine Sol® products","",2017-04-29 00:35:00
"Macys.com","25%","EXTRA 25% OFF ONLINE EXCLUSIVE","Click through for code.","",2017-04-29 00:35:00
"Foot Locker","$20","$20 OFF $120+ ORDERS","","",2017-04-29 00:35:00
"HP","20%","GET 20% OFF HP CAREPACKS","","",2017-04-29 00:35:00
"Sephora","$25","CHOOSE A FRAGRANCE DELUXE SAMPLE WITH ANY $25 PURCHASE","Click through for code","",2017-04-29 00:35:00
"Free Mickey Drawstring Backpack","$1","4 DISNEY MOVIES FOR $1","FREE SHIPPING on initial order! With membership. See details.","",2017-04-29 00:35:00
"Booking.com","$25","$25 REWARD WITH YOUR NEXT BOOKING","","",2017-04-29 00:35:00
"Scrubs & Beyond","75%","UP TO 75% OFF SCRUBS","Shop Today!","",2017-04-29 00:35:01
"Lane Bryant","$15","$15 OFF $75+ ORDERS","Coupons.com Exclusive!","",2017-04-29 00:35:01
"Sesame Street","$3.99","3 LEARNING KITS FOR $3.99","Sign Up Today and get a Free Growth Chart","",2017-04-29 00:35:01
"CheapOair","$30","UP TO $30 OFF SUPER SAVER FLIGHT DEALS","Click through to shop.","",2017-04-29 00:35:01
"Microsoft","$150","UP TO $150 OFF SURFACE PRO 4","limited time only!","",2017-04-29 00:35:01
"Free Mickey Beach Towel","$1","4 DISNEY MOVIES FOR $1","FREE SHIPPING on initial order! With membership. See details.","",2017-04-29 00:35:01
"Ashley Furniture","20%","UP TO 20% OFF SELECT CATEGORIES","","",2017-04-29 00:35:02
"Moda Operandi","10%","10% OFF YOUR FIRST PURCHASE","When You Join Email List","",2017-04-29 00:35:02
"iRobot","$100","$100 OFF IROBOT ROOMBA 980 WI-FI CONNECTED ROBOT VACUUM","Plus Free Shipping","",2017-04-29 00:35:02
"Totinos™","","LIVE FREE. COUCH HARD.","Join Totinos™ Best Buds Club!","",2017-04-29 00:35:02
"Soy Vay®","","TOP 10 EASY SPRINGTIME MEALS BY SOY VAY®","Get Cooking","",2017-04-29 00:35:02
"Steiner Sports","$21","$21 OFF $100+ ORDERS","Click through for code.","",2017-04-29 00:35:02
"Nautica","20%","EXTRA 20% OFF YOUR ORDER + FREE SHIPPING","Shop Today!","",2017-04-29 00:35:02
"Florastor®","$10","SAVE UP TO $10 AT CVS","The daily probiotic for digestive health.","",2017-04-29 00:35:03
"Kay Jewelers","$100","$100 OFF AN ONLINE JEWELRY PURCHASE OF $300","Click through for code","",2017-04-29 00:35:03
"Dr. Seuss Subscription","$5.95","5 BOOKS FOR $5.95","Sign Up Today and get a Free Activity Book","",2017-04-29 00:35:03
"Last Call","30-75%","30-75% OFF THE WOW SALE","Click through to shop.","",2017-04-29 00:35:03
"Glasses USA","60%","EXCLUSIVE: 60% OFF ON ALL BLACK FRAMES + FREE SHIPPING","with Code coupons60b","",2017-04-29 00:35:03
"Overstock.com","$50","EXTRA $50 OFF $500 + FREE SHIPPING","Coupons Exclusive!","",2017-04-29 00:35:03
"Guitar Center","","GUITAR-A-THON: THE GREATEST GUITAR SALE ON EARTH","","",2017-04-29 00:35:04
"Florastor®","$10","SAVE UP TO $10 AT TARGET","The daily probiotic for digestive health.","",2017-04-29 00:35:04
"Snapfish","60%","COUPONS.COM EXCLUSIVE: 60% OFF SITEWIDE $28+","Click through for code","",2017-04-29 00:35:04
"Florastor®","$10","SAVE UP TO $10 AT WALGREENS","The daily probiotic for digestive health.","",2017-04-29 00:35:04
"Florastor®","$6","CLICK AND SAVE $6","Your daily probiotic supplement. Are you Biotic?","",2017-04-29 00:35:04
"Free Jungle Book Lunch Box","$1","4 DISNEY MOVIES FOR $1","FREE SHIPPING on initial order! With membership. See details.","",2017-04-29 00:35:04
"Florastor®","$4","CLICK AND SAVE $4","Your daily probiotic supplement. Are you Biotic?","",2017-04-29 00:35:04
"Horchow","","SAVE ON LAUREN RALPH LAUREN WESTCOTT TOWELS","Click through to shop.","",2017-04-29 00:35:05
"Florastor®","$10","SAVE UP TO $10 AT WALMART","The daily probiotic for digestive health.","",2017-04-29 00:35:05
"True Value","20%","20% OFF SUNCAST SHEDS & DECK BOXES","Shop Today!","",2017-04-29 00:35:05
"Puritan's Pride","18%","18% OFF ON ANY 2 PURITAN’S PRIDE® BRAND ITEMS","Restrictions apply.","",2017-04-29 00:35:05
"Lisa Hoffman Beauty","$95","MOTHER'S DAY GIFT SET $95","Shop Today!","",2017-04-29 00:35:05
"Limoges Jewelry","25%","COUPONS.COM EXCLUISVE: 25% OFF 50+ ORDERS","Click through for code.","",2017-04-29 00:35:05
"OneTravel","$22","UP TO $22 OFF SPRING SEASON DEALS","Click through to shop.","",2017-04-29 00:35:05
"Athleta","20%","REFER A FRIEND & GET 20% OFF","","",2017-04-29 00:35:05
"ASOS","15%","15% OFF FOR STUDENTS + CHANCE TO WIN £1000 STA TRAVEL VOUCHER","","",2017-04-29 00:35:05
